T,TM,Tm,H,VV,V,PM2.5
14.7,21.0,10.0,76,0.6,3.0,143.0
14.4,15.0,13.0,91,1.4,6.1,319.0
14.0,17.0,11.0,91,0.6,4.8,325.0
9.1,12.0,6.0,91,0.5,6.7,375.0
8.4,10.0,7.0,95,0.5,5.7,376.0
9.7,15.0,7.0,89,0.8,5.9,379.0
11.7,17.0,6.0,83,0.8,10.9,340.0
11.3,15.0,6.0,89,0.8,9.4,356.0
10.7,18.0,5.0,84,0.5,4.3,360.0
12.9,19.0,9.0,81,0.8,7.6,338.0
13.5,17.0,11.0,85,1.1,11.3,332.0
13.3,17.0,10.0,84,1.3,11.7,254.0
11.9,17.0,9.0,88,1.0,7.6,318.0
13.1,15.0,11.0,88,0.8,4.1,295.0
11.8,17.0,8.0,84,0.8,10.7,327.0
13.0,20.0,6.0,70,1.9,7.2,349.0
15.7,22.0,9.0,68,1.6,9.8,334.0
17.3,23.0,12.0,70,1.8,15.6,313.0
15.6,22.0,10.0,82,1.4,13.5,262.0
17.1,24.0,10.0,58,1.9,3.7,266.0
17.4,23.0,11.0,53,2.3,8.9,319.0
16.8,24.0,10.0,62,2.1,10.0,334.0
17.3,25.0,9.0,55,2.6,8.0,391.0
20.5,27.0,12.0,52,2.6,8.1,358.0
19.4,27.0,12.0,60,1.4,7.0,327.0
24.1,29.0,20.0,66,1.9,15.9,320.0
22.8,29.0,18.0,63,1.9,10.2,279.0
21.3,27.0,16.0,59,2.3,13.0,281.0
22.7,28.0,16.0,58,2.1,10.4,315.0
19.6,27.0,14.0,36,2.7,9.4,310.0
19.7,27.0,12.0,38,2.9,9.1,324.0
16.9,19.0,15.0,94,2.3,17.6,266.0
17.0,22.0,14.0,84,2.3,9.1,200.0
16.4,21.0,12.0,77,1.9,8.7,275.0
18.3,26.0,14.0,73,2.4,7.0,197.0
19.2,24.0,15.0,70,3.1,12.8,238.0
17.3,23.0,10.0,51,3.2,14.1,274.0
22.4,28.0,15.0,48,1.6,6.3,165.0
21.2,27.0,17.0,63,2.9,9.4,188.0
17.0,20.0,15.0,77,3.1,12.0,217.0
21.2,29.0,15.0,55,2.9,6.9,248.0
22.8,30.0,15.0,51,2.7,7.4,204.0
24.9,31.0,17.0,51,2.9,11.1,271.0
28.0,34.0,21.0,48,2.3,5.7,287.0
28.8,36.0,20.0,43,2.6,9.4,323.0
28.7,35.0,21.0,39,3.5,9.3,360.0
25.2,31.0,20.0,61,2.7,7.6,249.0
27.5,33.0,20.0,48,2.9,8.3,245.0
27.3,34.0,20.0,46,3.4,12.6,229.0
24.2,29.0,18.0,71,4.0,10.6,234.0
23.3,29.0,20.0,62,3.1,9.3,293.0
27.1,33.0,20.0,41,3.2,9.4,290.0
26.0,32.0,19.0,44,3.2,9.6,375.0
25.2,30.0,19.0,59,3.2,10.7,316.0
26.7,32.0,22.0,53,2.9,8.0,295.0
27.9,34.0,22.0,52,2.7,8.3,246.0
33.3,41.0,22.0,29,2.4,6.3,391.0
33.3,39.0,26.0,32,2.4,11.1,368.0
31.6,39.0,24.0,28,2.9,9.6,365.0
30.9,36.0,25.0,34,2.1,16.9,258.0
28.9,33.0,24.0,43,2.7,16.7,234.0
31.1,37.0,25.0,41,2.7,17.2,257.0
31.5,39.0,24.0,36,3.5,9.8,372.0
31.3,39.0,24.0,30,3.2,6.1,387.0
31.6,41.0,23.0,26,2.4,5.7,408.0
35.3,43.0,27.0,16,2.9,12.2,378.0
34.7,43.0,27.0,19,2.4,8.7,381.0
35.9,42.0,27.0,19,2.6,7.4,388.0
26.9,34.0,23.0,60,2.9,10.2,396.0
31.0,37.0,24.0,43,2.9,5.7,297.0
29.0,37.0,23.0,49,2.6,7.8,345.0
31.6,42.0,23.0,40,2.7,12.4,352.0
33.4,43.0,22.0,31,2.6,12.2,338.0
36.1,45.0,28.0,24,2.9,10.0,321.0
38.8,45.0,31.0,14,2.6,11.9,355.0
37.9,46.0,28.0,14,3.1,12.2,371.0
36.2,44.0,27.0,13,2.7,9.6,414.0
35.5,41.0,28.0,22,2.6,15.4,297.0
30.7,36.0,27.0,32,2.7,13.9,268.0
31.7,41.0,26.0,33,2.9,10.4,259.0
28.1,33.0,24.0,51,2.9,12.4,327.0
36.7,43.0,30.0,28,3.4,7.6,442.0
38.1,44.0,30.0,22,3.5,7.6,309.0
37.1,43.0,32.0,26,3.1,16.3,270.0
30.2,39.0,24.0,52,2.6,14.1,234.0
27.3,33.0,22.0,72,2.4,7.4,331.0
31.6,37.0,27.0,57,2.4,5.9,327.0
36.7,42.0,32.0,43,3.2,12.6,149.0
33.3,38.0,29.0,48,3.4,15.4,172.0
30.1,35.0,25.0,67,3.4,13.3,226.0
26.7,30.0,23.0,83,2.1,8.9,207.0
31.2,39.0,26.0,58,2.6,13.1,219.0
32.4,38.0,28.0,54,3.1,13.1,193.0
31.4,37.0,27.0,56,3.2,8.7,225.0
33.6,39.0,28.0,47,3.4,10.6,250.0
32.1,41.0,27.0,54,3.4,13.9,282.0
28.0,33.0,25.0,83,1.6,6.9,234.0
30.7,35.0,27.0,70,2.4,8.0,188.0
28.8,33.0,26.0,82,1.8,7.2,253.0
29.7,33.0,25.0,73,3.5,7.0,218.0
30.6,36.0,28.0,73,3.7,10.9,268.0
32.8,37.0,29.0,60,4.2,14.8,232.0
29.2,33.0,26.0,76,2.9,4.6,218.0
28.6,32.0,25.0,81,2.6,8.3,165.0
30.8,35.0,27.0,76,3.4,10.2,155.0
31.2,35.0,28.0,73,2.4,13.1,125.0
29.6,32.0,26.0,75,2.9,18.0,160.0
29.2,33.0,26.0,74,3.5,15.0,142.0
28.8,31.0,26.0,75,2.4,8.9,213.0
27.7,31.0,25.0,81,2.7,5.9,175.0
28.8,33.0,26.0,78,3.1,5.9,184.0
30.2,35.0,26.0,71,3.5,10.2,228.0
29.0,34.0,26.0,83,2.1,7.2,244.0
29.3,32.0,27.0,83,1.3,7.6,209.0
27.1,29.0,26.0,93,1.0,7.8,283.0
31.6,35.0,28.0,71,3.2,5.6,198.0
30.2,33.0,28.0,81,3.1,6.7,197.0
27.8,31.0,26.0,91,2.6,6.3,184.0
30.4,35.0,26.0,72,3.5,13.1,271.0
30.1,34.0,27.0,70,3.7,14.3,207.0
29.6,33.0,27.0,74,3.4,10.9,127.0
31.4,36.0,26.0,65,3.5,13.7,248.0
31.4,35.0,27.0,66,4.0,10.9,247.0
31.9,36.0,27.0,63,3.2,9.4,292.0
31.0,35.0,27.0,61,4.0,12.8,298.0
31.3,35.0,27.0,56,3.5,13.3,315.0
30.4,34.0,27.0,57,3.2,12.8,368.0
30.7,34.0,26.0,56,3.1,8.0,266.0
31.2,36.0,25.0,48,4.0,9.3,238.0
30.6,36.0,25.0,56,3.7,12.2,230.0
30.9,36.0,24.0,53,3.5,13.5,218.0
31.9,37.0,26.0,56,2.9,5.7,289.0
32.2,37.0,27.0,53,2.4,7.0,235.0
32.4,37.0,27.0,58,2.7,6.7,285.0
29.9,35.0,26.0,79,2.1,8.5,136.0
29.9,36.0,26.0,69,3.1,10.7,104.0
29.6,35.0,26.0,69,3.4,9.1,95.0
28.7,35.0,23.0,51,4.2,8.3,298.0
29.4,35.0,25.0,54,3.5,8.5,240.0
29.3,34.0,25.0,58,3.5,8.5,188.0
27.8,35.0,21.0,53,4.2,6.3,266.0
28.1,35.0,21.0,50,3.5,7.0,369.0
29.1,36.0,21.0,52,3.7,6.3,375.0
29.0,34.0,22.0,58,2.6,9.1,351.0
29.5,35.0,23.0,48,3.4,7.2,320.0
29.1,35.0,22.0,45,3.4,6.5,296.0
29.3,35.0,24.0,63,2.9,8.9,218.0
27.4,34.0,21.0,63,2.9,7.4,356.0
28.1,34.0,22.0,57,2.9,5.9,388.0
29.4,36.0,23.0,51,2.1,6.1,384.0
30.3,36.0,24.0,45,2.4,6.3,292.0
27.1,33.0,20.0,47,2.1,7.4,343.0
27.0,33.0,20.0,41,2.6,13.3,334.0
25.4,31.0,21.0,47,3.2,8.9,333.0
24.9,31.0,19.0,50,2.7,5.6,262.0
23.1,29.0,17.0,59,1.0,2.8,420.0
24.4,30.0,19.0,52,1.6,3.1,407.0
24.9,31.0,18.0,54,1.8,3.0,454.0
24.9,30.0,19.0,51,1.3,3.3,388.0
21.9,27.0,16.0,69,0.6,5.6,378.0
22.7,28.0,19.0,59,1.4,8.1,439.0
24.4,29.0,19.0,52,1.6,7.2,431.0
22.9,29.0,17.0,56,1.0,8.0,367.0
22.9,29.0,17.0,57,1.4,6.9,383.0
24.0,32.0,17.0,46,1.6,2.4,347.0
19.2,27.0,12.0,49,1.3,3.0,450.0
18.8,27.0,12.0,57,1.0,2.6,478.0
19.5,27.0,13.0,55,1.3,1.9,431.0
19.4,27.0,13.0,50,2.4,8.5,343.0
20.3,28.0,13.0,46,2.4,5.7,362.0
18.1,22.0,12.0,66,1.6,5.2,319.0
19.4,26.0,14.0,74,0.8,3.7,385.0
18.6,25.0,14.0,60,1.1,3.3,392.0
17.3,24.0,12.0,71,0.6,8.7,428.0
18.7,26.0,13.0,70,0.8,4.8,431.0
19.2,26.0,14.0,66,1.0,3.3,383.0
18.8,23.8,13.4,73,1.0,8.3,377.0
13.1,21.3,5.0,60,1.9,4.8,174.0
13.1,21.3,6.8,54,1.9,9.4,244.0
12.6,22.4,6.0,53,1.9,5.4,308.0
12.3,21.2,6.0,62,1.4,4.8,313.0
12.8,21.2,6.0,59,1.3,3.1,326.0
12.7,20.0,6.0,64,1.0,3.7,459.0
11.2,19.0,4.0,58,1.9,9.3,370.0
13.3,21.2,6.0,52,1.6,7.6,328.0
14.3,22.4,7.6,57,1.3,9.6,331.0
14.6,23.0,8.0,69,0.6,3.1,426.0
14.6,22.2,7.9,64,1.0,5.0,496.0
13.8,22.2,8.0,68,1.0,5.7,528.0
18.2,25.0,12.0,75,0.5,3.5,408.0
14.3,19.4,10.0,89,0.3,7.6,368.0
14.6,22.1,8.0,67,1.4,9.6,404.0
16.1,22.0,13.0,81,0.6,9.3,371.0
14.1,19.1,10.0,83,0.6,7.4,311.0
12.5,16.2,9.6,83,1.3,13.0,321.0
10.4,16.2,7.0,91,0.5,6.9,398.0
9.7,14.4,7.0,87,0.5,8.3,399.0
10.2,16.4,3.0,78,1.0,7.8,469.0
10.6,17.2,6.0,75,1.0,6.9,456.0
13.9,22.7,7.4,69,1.0,5.6,451.0
16.4,23.8,10.0,65,1.3,5.6,501.0
16.6,22.2,10.0,75,1.3,10.0,292.0
14.7,22.9,8.0,61,2.1,9.4,306.0
14.6,22.2,7.0,52,2.6,9.6,300.0
14.0,22.3,7.0,55,2.3,11.1,371.0
16.4,22.4,9.0,69,1.4,7.8,322.0
15.5,23.6,9.0,68,1.6,8.0,368.0
15.4,24.4,8.0,72,1.1,6.5,349.0
16.3,26.7,11.0,56,2.3,10.4,265.0
17.3,24.8,9.7,57,1.9,10.0,297.0
16.5,23.0,10.9,58,1.8,6.9,289.0
22.2,29.8,15.0,65,1.3,6.3,228.0
21.9,28.2,16.0,72,1.4,13.0,213.0
18.4,27.0,11.0,62,2.4,15.2,208.0
21.6,32.2,12.0,44,3.1,9.3,342.0
22.8,31.9,14.5,42,2.7,7.2,338.0
21.9,29.9,14.4,49,2.3,4.3,344.0
24.1,32.2,16.4,51,1.9,3.7,348.0
25.0,33.8,16.4,45,2.1,5.0,312.0
25.6,34.6,17.1,46,2.1,8.7,214.0
22.4,29.8,16.0,65,2.1,10.7,248.0
22.3,30.0,16.0,59,2.7,8.5,276.0
22.8,30.4,15.8,54,2.1,8.9,213.0
23.7,29.4,17.7,59,3.4,10.7,193.0
21.6,29.2,16.0,54,3.1,8.3,123.0
22.6,31.0,15.0,53,3.1,11.1,194.0
25.8,35.0,19.4,50,2.7,8.5,207.0
26.6,35.0,19.6,46,2.4,10.2,176.0
24.9,34.5,18.7,34,4.0,16.7,189.0
29.3,38.4,19.0,34,2.7,10.4,178.0
24.1,28.1,19.4,53,3.4,14.3,219.0
25.5,34.0,17.0,39,3.4,8.9,206.0
30.4,40.0,20.4,30,2.6,7.8,294.0
30.8,39.2,21.0,30,3.1,11.5,314.0
31.4,41.2,22.0,32,3.7,6.3,334.0
33.4,43.0,25.1,30,2.6,7.8,261.0
27.3,37.0,20.0,36,2.9,11.9,314.0
29.0,38.0,19.5,26,3.4,6.7,262.0
31.3,38.4,20.6,22,2.7,9.6,257.0
30.4,39.0,21.0,22,3.1,13.7,302.0
32.7,41.0,22.0,20,3.4,9.6,296.0
33.9,42.2,22.4,19,2.9,9.1,247.0
33.3,41.0,23.0,20,3.5,12.0,258.0
33.2,41.0,24.2,23,2.9,9.1,282.0
30.9,38.3,22.0,18,3.2,8.5,271.0
32.5,42.2,23.0,18,2.4,5.4,392.0
33.3,43.0,23.0,16,2.6,8.3,342.0
33.6,42.0,23.0,15,2.4,9.1,297.0
34.6,44.2,24.0,13,2.7,7.0,281.0
37.7,46.2,26.8,12,2.9,9.6,309.0
34.7,46.2,29.0,20,2.9,10.4,262.0
33.7,40.7,24.8,29,3.2,8.5,225.0
33.7,40.9,26.4,33,3.2,12.6,221.0
32.8,40.2,28.4,38,3.4,14.8,185.0
36.0,44.5,27.8,28,3.5,9.8,325.0
36.8,44.0,28.0,26,3.4,6.5,316.0
37.8,44.4,28.5,20,3.4,5.9,302.0
36.6,46.4,29.8,34,3.7,13.9,255.0
36.6,43.5,30.8,43,3.9,13.0,218.0
36.1,44.2,29.0,46,3.1,15.0,252.0
30.9,39.2,26.7,49,2.9,9.3,381.0
35.4,41.0,26.5,39,2.4,6.5,409.0
37.0,42.2,30.5,28,2.3,13.5,269.0
31.9,39.0,24.6,49,3.1,9.8,316.0
34.4,40.8,25.6,40,3.1,9.8,361.0
37.3,43.8,29.8,28,2.9,10.4,330.0
38.6,46.0,29.0,27,3.2,8.0,256.0
33.4,39.2,28.4,45,3.4,13.7,209.0
36.2,42.2,29.6,36,3.2,13.1,262.0
34.6,43.2,28.4,35,3.2,12.0,280.0
33.7,41.8,25.0,46,2.9,13.7,330.0
31.7,36.1,25.0,61,3.2,11.9,248.0
34.4,40.0,29.4,50,2.7,13.1,172.0
34.9,41.2,29.8,54,3.7,15.0,159.0
30.3,41.2,27.0,72,3.2,12.6,187.0
31.5,39.0,27.0,66,3.9,12.6,228.0
34.1,40.8,30.8,59,3.1,12.4,154.0
34.1,39.4,29.1,59,3.2,12.0,187.0
33.2,40.2,25.2,62,2.9,13.9,180.0
31.8,38.0,25.0,70,3.2,11.9,154.0
28.6,37.6,24.7,75,3.2,8.9,160.0
28.9,32.5,26.0,79,2.7,7.2,165.0
33.2,37.8,28.8,66,3.5,10.6,151.0
30.6,36.8,28.0,74,3.4,7.0,143.0
32.2,37.6,28.0,69,3.5,7.8,156.0
30.7,36.2,26.3,79,2.9,7.8,123.0
29.6,37.0,26.4,82,2.6,7.4,106.0
30.2,33.4,25.7,82,3.4,9.3,202.0
31.4,36.0,26.0,77,3.7,10.7,280.0
32.7,38.3,28.6,66,4.0,10.7,269.0
33.7,38.3,28.2,60,3.7,10.6,163.0
31.9,36.2,27.6,71,2.7,7.0,108.0
29.6,36.2,27.0,78,2.4,11.7,134.0
27.9,32.5,26.6,88,1.9,9.4,155.0
28.6,32.0,25.9,86,2.4,6.9,121.0
28.4,32.0,26.4,85,2.6,9.8,149.0
29.3,35.2,25.8,80,2.9,8.3,178.0
32.0,35.2,25.6,65,4.0,10.4,120.0
32.2,36.8,26.3,67,3.7,11.1,125.0
31.9,36.5,28.2,69,4.2,11.9,127.0
30.1,36.2,27.8,79,3.2,11.5,119.0
29.4,33.9,25.2,82,2.6,5.4,166.0
28.9,32.2,25.0,84,2.4,7.6,274.0
30.6,35.0,27.0,76,3.9,13.5,295.0
31.5,34.8,26.6,70,3.4,6.5,111.0
30.9,35.4,27.0,72,3.9,12.8,93.0
29.6,36.0,25.8,72,4.0,11.3,107.0
29.8,34.4,26.3,82,3.7,5.7,93.0
30.3,37.4,26.4,77,3.2,8.1,224.0
30.9,36.2,25.6,72,4.0,8.3,169.0
26.9,33.2,24.0,87,2.6,9.3,154.0
27.7,31.0,25.2,88,2.6,3.9,216.0
29.3,33.7,25.1,78,3.2,12.8,262.0
29.6,34.0,24.6,74,3.9,10.9,260.0
29.8,35.0,24.5,68,4.5,11.5,335.0
30.6,35.5,25.0,61,5.0,11.1,240.0
30.4,35.8,25.2,64,5.0,10.9,177.0
30.3,37.4,26.0,65,4.7,9.3,215.0
30.2,35.0,24.5,69,3.9,4.8,233.0
31.5,37.0,26.4,61,3.5,5.6,220.0
31.5,37.4,26.2,59,3.5,4.6,284.0
32.3,38.0,25.4,54,2.9,6.1,150.0
31.1,37.8,26.8,64,2.9,9.8,134.0
30.4,35.4,25.4,65,3.1,4.8,185.0
30.5,36.0,25.6,66,3.1,6.7,103.0
31.1,37.2,25.6,62,3.4,6.1,289.0
31.8,37.2,26.5,64,2.9,5.6,282.0
31.9,37.2,27.3,66,3.7,5.7,351.0
32.5,37.6,27.6,63,2.7,6.7,232.0
30.0,35.6,24.0,64,2.6,6.3,416.0
30.2,36.2,24.0,58,2.9,6.7,387.0
30.2,36.0,23.6,59,2.7,4.6,408.0
27.9,36.0,20.8,41,3.5,8.9,400.0
28.2,36.0,20.4,41,3.9,7.8,430.0
26.8,35.8,18.8,44,2.7,5.7,425.0
27.3,35.8,18.0,38,2.9,4.4,496.0
26.7,35.6,19.0,38,3.2,5.4,472.0
27.4,35.6,19.6,39,3.7,7.0,470.0
25.7,33.2,19.0,47,3.2,8.0,558.0
26.3,34.7,19.0,46,2.4,5.6,570.0
24.8,33.2,18.0,48,1.6,5.6,554.0
23.2,33.1,16.9,58,1.1,2.4,593.0
23.1,30.4,16.0,55,0.8,3.0,625.0
21.4,29.0,17.0,71,0.3,1.9,480.0
23.3,30.5,16.1,60,0.6,1.7,603.0
21.6,29.0,15.2,56,0.5,9.1,455.0
21.1,29.0,14.0,51,0.8,8.7,471.0
20.6,30.0,13.0,47,0.6,5.4,514.0
22.6,29.8,16.0,49,1.6,3.5,428.0
20.2,29.8,13.9,49,1.1,4.3,504.0
19.1,27.5,12.0,50,1.1,5.9,512.0
21.0,29.8,12.6,47,1.1,4.4,471.0
21.3,30.8,13.0,48,1.1,1.7,432.0
21.0,30.2,12.4,46,2.1,6.5,397.0
21.3,30.2,14.0,41,2.7,12.0,274.0
20.2,30.4,13.0,41,2.6,12.0,360.0
20.1,28.4,12.0,39,2.3,5.6,441.0
19.1,26.6,13.0,81,0.6,3.1,419.0
16.5,25.8,12.0,87,0.5,3.9,379.0
17.3,26.2,10.0,59,1.6,3.1,389.0
16.0,24.0,11.0,83,0.3,3.3,443.0
16.3,25.6,10.0,76,0.8,3.1,413.0
17.9,27.2,9.5,66,1.1,4.3,351.0
17.9,26.3,12.0,61,1.3,3.7,359.0
16.1,23.3,11.0,70,1.3,8.1,390.0
15.8,24.4,10.0,59,2.1,5.7,437.0
14.4,22.8,7.6,71,1.1,9.4,317.0
15.5,24.0,8.4,67,1.3,13.3,349.0
16.2,25.0,9.0,56,1.8,10.0,470.0
13.7,25.2,10.0,92,0.5,10.4,319.0
14.4,23.0,8.0,76,0.8,9.4,455.0
14.3,23.0,7.0,67,0.8,4.3,524.0
16.1,23.6,10.3,77,1.0,4.6,373.0
15.6,23.6,10.5,83,0.5,5.0,439.0
15.1,22.0,10.0,82,0.6,4.4,318.0
13.8,16.0,12.0,95,0.6,11.1,300.0
15.0,21.0,11.4,81,1.1,5.6,305.0
12.6,20.2,7.0,82,1.0,6.5,337.0
11.8,19.8,5.3,60,1.3,4.3,382.0
12.8,19.5,4.6,62,1.1,5.7,397.0
16.3,24.0,9.0,47,1.6,6.1,330.0
11.9,20.8,6.0,72,1.0,11.1,387.0
11.3,19.8,6.0,71,1.0,9.6,446.0
13.1,19.8,5.0,66,1.1,5.0,379.0
19.9,26.0,13.9,72,1.1,12.2,203.0
15.9,26.0,14.0,94,0.8,11.1,236.0
13.6,19.0,10.0,87,0.8,10.6,252.0
16.7,23.3,10.0,77,1.0,6.3,387.0
14.9,22.2,10.0,79,1.1,5.0,438.0
16.3,24.2,9.4,64,1.6,3.5,407.0
17.4,24.8,10.9,68,1.3,5.2,312.0
14.6,22.0,8.0,67,2.1,10.7,346.0
16.3,23.6,9.0,60,1.9,6.1,314.0
15.2,23.6,10.0,67,1.4,10.6,314.0
16.6,23.2,9.0,61,1.8,8.1,382.0
16.7,25.2,9.0,60,1.9,8.5,352.0
18.6,27.0,11.0,58,2.1,7.6,309.0
23.2,31.0,15.0,53,2.7,5.6,310.0
24.4,32.2,17.0,48,2.4,8.1,258.0
19.8,26.1,15.0,67,2.4,8.0,238.0
18.9,28.0,10.0,42,2.9,12.2,363.0
18.8,28.0,11.0,47,2.9,9.4,362.0
21.2,29.2,11.0,42,2.9,6.5,397.0
24.3,31.6,18.4,45,2.6,8.9,206.0
21.9,28.6,16.0,58,2.4,9.3,190.0
20.4,28.6,13.6,45,3.5,8.1,210.0
22.2,31.4,13.0,39,2.6,7.6,245.0
21.6,28.1,16.0,50,3.9,12.0,165.0
18.9,29.4,15.0,65,2.9,12.6,102.0
17.4,25.0,10.0,44,4.2,8.0,397.0
19.1,26.2,10.4,43,3.5,5.7,371.0
20.6,29.2,12.0,44,3.1,7.6,328.0
23.1,30.8,16.8,49,2.9,7.6,400.0
22.4,31.4,16.0,52,2.7,8.1,390.0
25.9,34.4,16.4,39,2.9,8.1,417.0
26.5,34.7,17.0,42,3.5,10.9,278.0
27.5,36.2,18.0,39,3.2,12.6,320.0
28.6,37.8,19.0,42,3.4,11.5,350.0
31.3,40.2,22.1,35,3.2,8.0,259.0
32.2,40.6,22.8,31,3.2,11.1,204.0
31.7,39.3,23.0,29,4.3,10.6,220.0
32.2,40.0,22.0,27,3.7,8.1,255.0
28.6,35.6,19.0,20,2.6,7.6,289.0
27.2,35.6,17.4,19,3.4,11.3,285.0
27.2,34.1,20.4,17,4.3,15.0,368.0
31.9,41.0,21.2,20,3.4,6.5,355.0
34.1,43.0,23.8,20,3.5,5.9,416.0
34.2,43.0,24.0,19,3.4,8.5,403.0
33.8,41.4,26.0,26,3.2,13.0,254.0
31.9,38.4,25.4,28,3.7,12.8,242.0
32.1,39.0,24.0,26,3.4,13.7,223.0
31.8,40.0,24.0,29,3.5,8.9,183.0
31.2,38.8,21.3,33,3.4,12.6,370.0
31.7,39.6,23.0,23,4.2,5.9,419.0
33.6,41.4,23.0,19,3.5,7.8,317.0
32.3,41.4,25.0,27,3.2,12.4,455.0
36.6,45.1,26.0,20,3.7,8.1,400.0
36.5,44.0,28.5,21,3.2,8.3,223.0
35.4,44.2,28.0,29,3.5,12.6,220.0
37.1,44.0,28.5,26,3.4,8.7,354.0
37.3,44.7,28.0,22,3.5,8.1,349.0
37.7,46.0,29.0,19,4.0,10.4,264.0
33.0,43.0,28.8,35,3.4,10.9,505.0
34.5,40.0,29.0,31,3.4,7.6,349.0
31.1,41.0,26.0,43,2.7,10.6,421.0
36.6,43.2,29.4,30,3.5,9.1,236.0
37.5,45.8,29.7,27,3.7,12.2,148.0
34.4,42.1,28.0,44,4.0,17.2,94.0
28.4,34.6,25.0,69,3.1,11.7,324.0
32.7,38.2,25.0,50,3.4,9.3,357.0
35.3,42.0,26.4,37,3.2,9.6,393.0
38.0,44.8,29.6,26,3.7,11.5,302.0
31.6,38.5,26.3,48,3.7,15.4,89.0
31.3,38.0,26.6,51,4.0,10.9,143.0
33.2,39.6,27.1,49,3.2,7.6,80.0
36.3,43.0,25.6,33,3.5,11.5,101.0
33.9,43.4,27.8,36,3.2,12.6,106.0
33.9,43.4,23.0,37,3.1,11.9,88.0
30.1,38.2,24.0,70,2.9,13.0,109.0
28.0,33.1,23.8,75,3.2,10.7,124.0
28.7,33.4,24.6,74,2.4,10.9,
35.6,40.0,29.8,53,3.5,11.9,73.0
34.5,39.7,30.7,60,3.4,11.7,58.0
35.0,41.4,28.0,60,3.4,13.5,58.0
29.5,35.0,24.2,85,2.3,5.4,49.0
28.0,30.3,26.0,90,2.6,9.4,149.0
31.9,35.2,26.4,74,2.9,7.2,212.0
30.9,36.6,25.5,73,3.4,7.4,108.0
33.4,38.8,27.7,63,3.7,6.9,78.0
34.6,39.2,30.0,55,4.2,11.1,59.0
31.2,35.8,25.5,68,4.2,11.3,56.0
31.7,35.0,28.4,70,3.5,12.0,65.0
30.8,36.0,28.0,76,3.7,12.4,71.0
33.8,39.0,28.6,65,3.1,6.3,53.0
29.9,34.4,25.0,81,3.4,10.4,30.0
31.7,36.2,28.0,71,4.0,13.7,37.0
28.7,33.8,26.2,86,2.6,12.0,41.0
31.1,35.8,26.5,74,3.2,9.1,42.0
31.3,36.3,29.0,72,3.9,11.3,47.0
27.7,31.3,26.0,94,2.6,6.3,40.0
27.8,32.3,26.2,92,2.7,10.0,49.0
29.3,31.5,27.0,82,3.1,10.2,50.0
30.1,34.1,26.4,76,3.7,15.7,88.0
29.4,34.0,26.0,84,2.9,5.6,73.0
30.2,34.0,26.6,83,2.6,5.2,95.0
29.2,32.0,27.0,91,2.4,2.0,58.0
30.9,35.4,26.6,70,3.9,12.6,59.0
31.5,36.0,27.0,67,4.0,9.8,53.0
31.6,36.0,27.0,68,4.0,12.8,66.0
28.3,29.6,26.0,89,2.6,11.1,42.0
31.1,35.6,26.4,74,4.2,13.0,
31.6,36.6,27.6,74,3.4,12.0,
29.1,34.0,23.6,82,2.3,6.1,
28.2,34.2,23.1,83,3.1,5.2,
30.1,36.5,24.6,74,3.9,6.9,
26.8,32.7,25.0,95,1.9,9.1,88.0
28.0,32.1,24.0,86,3.4,10.2,88.0
27.5,32.1,25.6,84,3.5,9.8,89.0
30.0,35.0,24.4,76,3.9,8.0,88.0
28.8,33.0,23.6,81,3.4,7.4,96.0
30.3,35.0,25.8,73,3.4,8.3,118.0
30.9,35.0,26.0,71,3.4,7.0,119.0
32.1,37.3,27.0,65,3.5,5.7,169.0
31.9,36.0,27.2,67,2.4,5.0,110.0
31.8,37.4,26.6,59,3.7,9.3,106.0
31.3,37.7,25.2,55,3.7,5.7,144.0
31.4,38.7,24.7,56,3.4,5.4,92.0
30.0,35.8,25.5,71,3.7,10.9,83.0
29.5,34.9,23.0,73,3.1,7.2,165.0
30.1,35.4,25.0,67,3.1,5.2,176.0
30.7,37.0,24.2,58,2.9,3.3,172.0
29.5,36.8,23.4,46,3.7,5.9,115.0
29.4,36.5,22.0,46,3.9,8.0,151.0
29.0,36.5,22.0,55,3.5,7.2,180.0
28.7,35.7,21.0,51,3.1,6.5,268.0
29.0,35.7,22.1,56,2.4,4.4,253.0
28.9,36.8,22.0,54,2.7,4.6,208.0
28.6,36.0,22.2,49,2.7,5.6,317.0
29.0,37.0,21.1,45,2.9,4.3,310.0
28.6,36.8,20.0,44,2.6,3.9,313.0
28.6,37.2,19.0,48,2.3,3.1,404.0
28.2,36.0,20.2,47,2.1,3.7,338.0
26.7,35.4,19.5,48,2.1,4.6,327.0
24.6,33.0,18.1,46,2.1,3.9,345.0
25.6,35.0,17.2,49,2.3,5.6,379.0
25.1,33.1,18.0,53,2.3,5.2,362.0
23.9,31.0,17.6,60,1.4,5.0,305.0
24.7,33.0,18.3,58,1.9,8.5,310.0
24.2,31.2,18.4,67,1.4,5.4,345.0
24.2,31.2,18.0,69,1.6,5.0,370.0
22.1,30.2,13.0,67,0.5,3.3,677.0
20.2,28.0,12.0,74,0.3,3.1,597.0
21.9,30.0,14.5,57,0.6,3.0,471.0
21.2,28.9,14.6,65,1.0,7.0,378.0
21.2,28.4,16.0,60,1.1,10.9,357.0
21.0,28.2,15.0,57,1.8,9.1,330.0
18.8,24.5,13.0,47,2.6,11.5,341.0
16.5,24.6,10.0,51,2.1,8.3,348.0
16.7,24.4,9.0,48,2.7,7.6,340.0
17.7,26.4,10.5,42,2.1,4.6,382.0
16.2,26.0,11.4,51,1.4,2.8,360.0
17.7,25.4,10.5,48,2.1,7.8,359.0
17.2,26.0,9.3,47,2.3,3.5,384.0
16.9,26.1,9.0,45,2.3,3.1,415.0
16.9,26.1,9.8,51,1.6,1.9,404.0
17.8,24.7,11.0,39,3.4,11.5,312.0
16.8,24.2,9.6,40,2.4,8.1,389.0
17.3,26.1,9.6,44,2.3,3.5,406.0
14.2,19.0,11.0,88,0.6,9.6,292.0
12.8,18.4,9.0,83,1.1,10.9,228.0
11.9,19.9,8.0,76,1.1,11.1,195.0
15.4,23.4,9.0,58,1.6,7.2,467.0
16.5,21.2,10.6,71,1.0,5.9,370.0
16.8,24.2,11.0,67,1.0,7.6,253.0
14.8,22.8,8.9,66,1.3,5.6,379.0
14.8,23.0,8.0,68,1.4,5.6,398.0
16.2,25.0,8.6,57,1.9,3.7,399.0
12.8,20.2,6.0,79,0.5,4.8,405.0
11.7,17.4,8.0,84,0.6,5.6,394.0
10.7,17.0,6.0,85,0.5,5.7,398.0
12.1,20.4,5.8,68,1.4,10.6,373.0
12.3,21.2,5.8,66,1.4,5.7,366.0
12.8,21.2,5.7,68,1.1,7.6,318.0
14.6,23.7,7.3,57,1.6,4.8,352.0
14.3,24.6,6.9,57,1.8,6.1,278.0
13.9,22.9,7.0,61,1.9,11.5,350.0
14.9,23.0,6.0,76,0.6,8.0,310.0
13.2,22.5,7.0,66,1.4,7.4,362.0
14.5,24.4,5.0,54,2.6,4.1,343.0
11.6,16.4,8.0,94,0.5,8.9,284.0
11.8,17.6,8.5,88,0.6,5.9,334.0
12.3,19.2,7.0,79,0.8,5.7,332.0
16.8,25.0,9.9,63,2.1,10.6,318.0
18.9,27.2,10.7,57,2.4,5.2,277.0
18.1,27.2,11.0,61,2.1,8.0,284.0
16.3,24.6,10.0,54,2.3,9.4,313.0
15.0,24.0,7.0,51,2.4,8.9,375.0
14.9,23.6,6.4,52,1.9,4.4,378.0
15.6,24.8,7.3,51,2.3,6.3,350.0
16.9,23.9,10.2,70,2.7,9.3,189.0
15.3,23.9,8.0,63,2.7,12.0,248.0
17.0,24.6,10.0,66,2.3,13.1,277.0
18.7,28.0,10.8,50,2.7,6.5,347.0
20.4,29.3,11.4,52,2.7,6.3,333.0
23.4,32.2,14.4,45,3.1,4.4,331.0
22.4,32.4,15.0,58,2.7,13.1,167.0
21.0,28.4,13.6,59,2.9,13.7,274.0
22.8,30.2,15.0,62,2.7,10.2,293.0
23.1,30.8,16.2,54,2.6,7.4,244.0
24.2,32.0,16.6,52,3.1,5.9,205.0
24.8,33.1,17.0,51,2.7,8.1,180.0
21.9,30.5,13.4,51,3.2,9.8,316.0
24.2,33.0,14.2,46,2.9,5.2,207.0
24.9,33.1,16.5,45,3.5,9.4,179.0
27.3,37.5,15.0,32,3.7,8.0,314.0
27.3,34.4,19.8,29,3.7,9.4,269.0
25.8,33.1,18.8,42,3.2,10.4,218.0
25.9,35.5,16.6,38,3.1,7.6,302.0
27.8,36.2,17.1,34,2.9,7.2,226.0
25.9,33.6,20.8,48,3.5,12.0,171.0
25.9,34.1,17.8,45,3.1,12.8,246.0
26.4,35.2,17.0,39,2.9,8.9,293.0
28.7,38.8,17.8,29,3.2,7.8,238.0
26.9,35.4,20.2,41,3.5,13.9,217.0
28.3,36.2,20.4,42,3.9,10.6,239.0
30.2,37.2,22.4,38,3.5,11.5,244.0
31.9,40.0,23.1,38,3.5,9.4,329.0
28.6,36.2,19.7,47,4.0,12.0,133.0
29.8,37.8,22.3,44,3.5,15.9,205.0
25.8,31.8,20.4,60,3.5,10.2,179.0
29.3,37.0,19.0,24,3.7,7.8,240.0
30.5,38.4,20.0,25,2.9,9.6,296.0
32.1,40.0,22.0,28,3.2,4.1,266.0
33.3,41.0,24.6,24,3.7,10.2,444.0
33.4,40.2,25.0,19,3.1,16.5,302.0
29.1,36.1,22.8,27,2.9,14.8,197.0
34.7,43.1,22.1,14,3.4,8.7,351.0
33.5,41.0,27.1,39,3.4,15.6,259.0
34.6,41.2,28.5,38,2.7,17.4,221.0
32.0,38.7,25.6,48,4.2,17.2,167.0
30.1,39.2,23.0,49,2.9,17.4,146.0
29.6,36.6,21.5,47,3.1,16.3,174.0
33.7,41.0,24.5,29,3.2,11.5,168.0
29.4,36.5,24.0,38,3.9,11.9,218.0
29.1,37.9,23.0,44,3.7,5.0,292.0
30.7,43.2,23.0,47,3.5,16.1,173.0
30.7,37.6,21.6,45,3.1,10.9,194.0
32.4,39.7,25.0,46,3.7,13.5,240.0
34.4,42.4,27.1,32,2.6,9.1,208.0
36.1,42.6,27.0,18,3.7,11.3,207.0
37.3,44.2,27.4,13,3.5,11.5,306.0
37.5,45.4,26.7,13,3.7,9.4,268.0
38.0,46.2,27.0,13,3.1,7.8,276.0
38.3,45.8,30.8,13,3.7,9.8,303.0
37.2,43.6,28.2,33,3.4,12.0,183.0
33.9,43.7,27.0,44,3.1,16.9,154.0
32.8,43.7,25.4,44,3.7,16.7,170.0
34.7,41.5,27.3,48,3.5,15.6,160.0
36.6,42.4,28.8,46,3.1,11.7,153.0
36.1,42.1,31.0,51,2.9,16.7,153.0
31.4,40.9,23.9,68,2.7,15.2,186.0
38.2,42.2,33.3,34,1.6,16.7,593.0
37.7,42.0,31.8,34,1.9,14.6,531.0
36.6,41.2,32.0,37,2.3,14.3,384.0
34.3,41.3,26.0,43,3.2,10.9,221.0
36.4,43.2,29.7,38,3.2,10.4,249.0
36.8,43.2,31.3,37,2.9,8.0,228.0
36.2,43.6,31.0,40,3.1,13.9,126.0
32.6,34.8,29.0,53,3.2,10.4,99.0
29.8,38.0,25.6,78,2.6,12.8,90.0
32.3,37.0,27.9,72,3.1,13.7,122.0
31.8,37.7,24.0,64,3.9,14.1,128.0
32.3,35.0,30.0,70,3.5,11.3,130.0
34.1,39.0,28.3,54,3.2,8.7,168.0
35.2,41.1,29.0,51,3.2,7.2,140.0
34.3,41.1,30.0,62,3.1,12.4,111.0
28.8,33.6,26.0,87,2.9,8.0,92.0
29.3,33.6,25.6,85,2.6,9.4,95.0
31.5,36.2,27.2,76,3.5,12.2,105.0
31.5,38.0,28.0,74,2.4,7.4,114.0
29.9,33.2,27.0,83,2.7,6.5,87.0
29.1,35.2,26.6,87,2.4,7.6,80.0
29.2,37.8,27.0,89,3.1,6.7,68.0
26.8,28.0,25.8,99,2.6,10.9,71.0
26.8,28.2,25.6,98,2.6,10.7,100.0
30.1,34.9,23.6,75,3.1,10.7,215.0
31.5,35.4,23.4,68,3.2,10.7,228.0
31.3,35.6,28.0,67,3.4,12.2,215.0
31.0,35.8,27.8,65,3.4,13.0,234.0
28.4,33.2,25.9,86,2.6,7.2,102.0
30.2,34.2,25.3,82,3.2,8.9,111.0
31.7,36.4,27.1,70,3.7,12.2,106.0
30.5,34.2,26.1,73,3.7,7.6,128.0
31.8,35.2,27.4,71,3.5,8.0,109.0
30.8,36.4,27.8,73,2.9,10.0,109.0
29.1,34.2,27.3,88,2.6,4.8,105.0
30.1,35.6,27.0,82,2.6,8.1,91.0
31.8,37.2,26.4,74,3.4,9.8,86.0
29.7,34.9,26.4,76,3.7,12.0,82.0
30.9,36.2,26.1,73,3.5,10.9,81.0
29.4,36.2,26.2,85,3.4,7.6,88.0
31.2,35.0,27.5,75,3.7,9.4,116.0
28.3,31.0,26.0,91,2.6,6.3,89.0
26.9,29.0,25.0,93,2.3,8.7,118.0
27.2,30.2,25.4,94,2.1,4.8,108.0
27.7,35.0,24.3,92,2.3,5.2,86.0
28.2,32.2,24.8,86,2.7,14.1,92.0
28.2,32.4,24.3,82,3.7,11.5,91.0
29.1,34.2,24.0,73,4.0,11.3,126.0
29.5,35.2,24.5,72,4.2,10.4,124.0
30.6,35.2,24.7,63,4.3,11.1,135.0
30.3,36.0,24.2,64,3.5,9.1,155.0
30.4,36.4,26.4,64,3.1,8.1,76.0
27.9,34.7,23.0,75,3.9,14.4,69.0
24.6,27.6,21.6,91,3.2,10.9,151.0
27.2,32.4,22.0,79,3.7,6.5,200.0
28.7,35.0,23.1,74,3.7,5.0,229.0
28.8,35.2,22.8,66,3.5,6.7,160.0
29.2,36.2,22.9,59,3.2,6.3,206.0
29.7,36.8,22.0,56,3.7,4.8,268.0
27.6,34.6,20.0,56,3.1,5.0,269.0
28.4,35.8,21.2,54,2.9,5.9,263.0
28.8,36.0,21.9,56,3.4,8.1,219.0
25.1,31.8,18.2,56,3.4,6.9,253.0
25.5,33.0,18.0,51,3.2,6.9,309.0
26.1,34.2,18.6,51,3.1,5.4,332.0
25.6,33.3,18.0,53,2.3,6.3,325.0
25.3,33.6,18.0,47,2.6,4.4,296.0
24.3,33.6,18.2,48,2.9,6.1,274.0
24.7,33.4,17.1,51,3.1,4.8,396.0
24.1,31.0,17.8,52,2.1,2.6,403.0
23.4,32.1,17.0,57,2.4,2.0,397.0
24.0,31.4,17.3,58,2.1,2.4,391.0
24.1,31.7,18.0,58,2.1,3.7,353.0
24.5,32.6,17.0,57,2.3,8.5,238.0
24.3,30.9,18.6,59,2.6,13.9,424.0
19.1,27.8,12.1,44,2.3,5.0,487.0
18.8,26.8,12.0,51,1.6,0.9,430.0
20.6,30.0,12.8,60,1.6,2.6,454.0
22.5,30.3,16.4,66,1.6,9.1,251.0
22.5,29.4,17.0,70,2.9,9.1,302.0
21.1,27.2,14.0,70,2.1,8.5,292.0
19.9,27.2,12.0,52,2.6,5.2,396.0
18.7,27.2,12.1,64,2.3,3.0,363.0
20.9,28.0,12.5,54,2.4,5.0,384.0
17.9,26.2,11.0,59,2.4,5.9,356.0
18.6,27.2,10.6,50,2.7,2.4,394.0
17.2,26.2,10.5,58,1.9,3.3,374.0
15.7,23.4,9.0,69,1.6,5.0,389.0
16.4,24.2,8.0,63,2.1,3.7,431.0
15.9,24.8,10.0,60,1.9,2.2,464.0
15.3,21.0,10.0,73,2.3,8.9,274.0
13.8,21.2,9.0,78,1.9,8.3,295.0
14.3,22.0,8.1,69,1.9,10.0,338.0
13.4,22.2,6.8,64,1.6,5.4,422.0
13.3,22.2,6.5,63,1.8,3.3,468.0
12.4,20.5,6.0,67,1.4,4.3,557.0
11.0,18.6,5.0,81,0.6,7.8,458.0
12.1,20.2,4.0,61,1.8,4.1,413.0
12.7,20.0,5.5,61,1.3,8.7,420.0
13.3,22.2,5.6,61,1.3,4.4,501.0
14.1,22.2,5.8,61,1.8,4.3,537.0
15.1,23.6,8.2,64,1.1,3.9,432.0
12.1,19.0,7.0,84,0.6,8.5,440.0
12.6,19.2,8.0,85,1.1,6.1,321.0
11.8,19.4,8.0,88,0.6,8.3,317.0
13.0,20.8,7.0,67,2.1,10.4,401.0
16.3,23.2,8.9,67,1.3,8.5,248.0
12.1,19.4,6.0,57,2.4,13.1,383.0
11.1,18.2,5.6,67,2.1,7.8,515.0
15.8,25.1,7.8,60,1.6,3.9,413.0
19.3,28.5,7.8,54,2.1,5.2,174.0
16.7,28.5,12.6,77,1.8,14.1,186.0
13.6,21.7,10.0,77,1.6,9.1,275.0
12.1,19.4,6.8,64,1.8,9.4,301.0
10.6,17.4,5.0,74,1.9,10.7,297.0
15.1,20.9,10.7,60,2.6,10.0,338.0
14.1,22.0,9.0,79,1.1,11.9,323.0
11.7,16.6,8.0,96,0.6,11.9,301.0
12.4,18.0,8.0,92,0.6,6.9,398.0
15.2,19.2,9.6,94,1.9,13.9,169.0
13.4,20.2,8.0,74,2.4,9.4,277.0
13.3,20.8,7.0,71,2.4,8.5,332.0
19.0,25.4,12.6,62,1.6,7.0,275.0
17.2,25.4,13.9,80,1.6,13.5,288.0
16.4,21.0,13.2,85,1.4,10.6,247.0
18.8,23.5,13.0,76,1.6,6.9,158.0
18.1,21.2,16.0,81,2.6,11.7,191.0
21.7,29.0,14.8,64,2.7,10.4,116.0
17.5,26.4,11.5,55,2.9,9.6,112.0
15.7,22.4,11.2,64,3.2,9.8,198.0
14.7,21.6,10.5,69,3.2,8.0,222.0
17.1,24.9,8.8,54,2.9,7.4,172.0
14.7,19.2,12.0,84,2.3,8.3,217.0
17.2,22.5,11.7,84,2.3,6.7,173.0
19.3,28.2,11.2,54,2.6,7.4,194.0
20.4,28.2,12.8,54,3.1,7.0,157.0
20.2,27.6,13.6,53,3.2,10.6,190.0
18.7,24.0,14.0,60,2.9,3.3,183.0
17.3,25.2,12.0,71,2.6,10.6,143.0
18.7,27.2,10.1,64,2.3,12.4,198.0
23.6,32.4,14.0,45,2.7,9.3,272.0
26.3,34.4,17.8,41,2.7,9.3,141.0
24.8,32.2,18.0,48,3.4,9.6,131.0
22.6,31.8,16.0,55,2.9,11.5,177.0
23.7,31.4,16.0,50,3.5,11.3,245.0
24.4,33.0,16.0,45,2.9,8.1,273.0
27.8,36.0,18.0,34,3.4,13.1,194.0
26.4,37.0,16.0,33,3.2,10.6,208.0
27.3,36.9,18.4,32,3.7,6.9,260.0
28.7,38.2,18.7,34,3.5,7.0,284.0
29.1,40.4,22.0,51,2.4,12.4,240.0
28.3,37.5,20.5,46,2.9,6.9,263.0
29.8,38.2,21.8,42,3.2,5.9,196.0
31.6,39.2,23.8,32,4.0,13.7,163.0
32.4,39.6,23.9,31,3.7,13.7,206.0
32.6,41.2,24.0,30,3.7,11.9,102.0
26.3,33.6,19.0,46,3.1,8.7,225.0
28.8,36.3,20.5,36,3.1,5.4,246.0
31.9,39.2,22.9,31,3.1,7.6,257.0
34.5,42.2,25.4,25,3.1,10.9,269.0
34.8,42.2,25.6,22,3.5,15.6,256.0
34.8,43.0,25.0,17,3.1,13.0,257.0
34.9,43.0,25.5,23,2.9,6.9,202.0
32.0,40.4,26.4,30,2.9,16.5,182.0
30.7,40.3,25.0,35,3.4,10.0,231.0
34.8,43.0,24.2,19,2.6,9.6,390.0
35.5,43.6,26.0,20,3.1,10.7,333.0
35.4,43.6,27.6,20,2.9,13.0,266.0
31.1,41.5,24.0,35,2.3,10.2,194.0
30.6,37.2,23.4,37,3.5,8.0,192.0
29.1,36.0,22.0,47,3.2,8.0,257.0
31.4,41.4,24.0,44,2.9,8.7,125.0
29.6,41.4,23.9,53,3.4,12.6,135.0
32.2,39.0,24.6,35,4.0,13.0,163.0
37.2,45.0,26.5,20,3.9,8.5,266.0
37.9,46.8,28.6,18,3.4,8.9,300.0
38.3,46.8,28.7,18,3.9,8.7,222.0
37.8,46.2,29.8,30,3.7,11.3,232.0
37.1,46.1,30.5,42,3.4,13.7,212.0
35.0,44.6,30.3,43,2.7,15.7,190.0
34.7,45.3,26.2,43,3.7,9.6,237.0
38.2,45.2,29.4,26,3.2,6.7,230.0
38.4,46.2,29.3,24,3.4,6.5,315.0
36.7,43.4,29.8,35,3.7,11.1,217.0
37.7,45.2,29.6,21,3.9,10.9,205.0
37.4,45.4,28.0,25,3.2,13.5,126.0
31.4,38.8,25.5,49,3.2,9.1,178.0
33.2,41.2,25.0,44,3.9,8.7,185.0
34.4,41.2,28.7,44,3.4,9.3,153.0
34.2,40.4,27.9,52,3.5,7.0,169.0
36.5,42.8,29.8,42,3.4,10.4,207.0
35.0,42.8,30.0,40,3.1,12.0,223.0
36.3,44.8,30.6,38,3.1,10.9,162.0
35.5,43.4,30.2,48,2.9,12.2,111.0
35.1,41.9,30.2,50,3.9,11.7,113.0
31.8,37.0,27.5,67,3.4,8.0,131.0
32.9,38.2,29.0,61,2.7,8.1,150.0
31.2,38.2,28.1,68,2.7,11.9,300.0
35.0,40.9,31.0,47,3.2,13.9,180.0
33.8,39.8,28.0,48,2.9,13.7,117.0
28.4,39.8,23.0,73,3.2,12.4,92.0
31.6,36.4,24.6,68,3.4,7.4,123.0
29.4,36.4,25.0,82,2.9,7.2,124.0
29.5,37.0,25.0,82,2.7,6.3,156.0
27.8,38.2,26.2,87,2.9,8.1,85.0
27.6,32.2,25.7,90,2.3,9.1,83.0
27.8,32.2,25.1,89,2.9,12.8,82.0
30.8,34.2,27.1,77,3.2,9.1,95.0
31.3,36.8,27.2,72,2.9,10.7,104.0
29.1,36.8,27.0,85,2.6,5.4,101.0
28.4,34.2,26.3,89,2.3,6.7,108.0
30.2,34.4,24.9,79,3.1,9.8,89.0
32.4,37.5,26.9,70,3.5,11.1,75.0
30.2,33.8,27.0,72,3.9,17.6,83.0
29.2,36.4,26.0,87,2.6,9.8,93.0
29.4,36.4,25.7,88,2.3,5.6,73.0
29.7,33.6,24.5,82,2.9,13.1,67.0
30.0,34.7,24.6,80,2.7,6.9,107.0
30.3,35.3,26.1,74,2.6,11.1,125.0
30.9,36.1,26.0,68,2.9,10.7,130.0
27.7,33.8,25.6,84,2.6,9.1,114.0
30.4,35.4,24.9,73,3.5,10.4,119.0
31.6,36.6,26.8,68,3.4,7.4,103.0
31.8,37.7,28.2,69,2.7,4.8,105.0
29.3,37.5,25.9,79,3.5,10.9,131.0
31.1,36.6,25.6,72,2.9,5.6,165.0
31.4,36.6,27.9,73,2.3,5.0,118.0
29.6,36.6,26.8,80,3.1,10.0,107.0
31.5,36.6,26.0,71,2.9,6.1,139.0
32.3,38.2,27.5,65,3.2,6.3,166.0
31.7,38.7,27.1,68,3.5,10.0,83.0
30.5,38.7,27.0,71,3.4,12.0,111.0
29.6,35.4,26.8,78,3.1,6.7,143.0
27.9,36.0,24.6,74,3.4,10.4,112.0
29.3,34.8,24.0,70,3.7,8.7,86.0
26.7,37.1,23.0,83,2.7,5.4,89.0
28.1,33.3,23.3,73,3.4,10.6,78.0
28.4,34.5,24.8,73,3.9,13.3,78.0
27.1,33.8,24.4,78,3.7,11.7,68.0
27.1,33.0,22.6,79,2.9,7.8,140.0
28.4,33.0,23.0,66,3.1,4.8,113.0
27.3,36.4,21.8,68,3.2,6.7,108.0
26.6,32.5,22.0,62,3.5,12.4,165.0
25.9,31.7,20.1,60,3.9,8.0,208.0
27.1,32.0,20.3,55,3.4,4.6,243.0
27.2,33.2,20.0,55,2.7,4.8,291.0
27.2,33.2,20.2,58,2.6,4.1,320.0
27.9,34.2,20.6,55,2.6,4.3,300.0
26.8,33.6,20.4,55,2.6,3.7,254.0
25.7,32.4,19.0,51,2.7,6.3,243.0
24.6,33.2,17.7,53,2.1,9.6,248.0
24.6,32.0,18.4,54,2.3,6.3,354.0
24.7,30.8,17.8,56,1.9,1.5,417.0
24.2,31.2,17.6,52,1.9,6.1,419.0
25.1,31.0,17.4,56,1.3,2.8,473.0
25.4,31.0,18.1,57,1.1,2.8,659.0
23.2,28.7,19.0,73,0.8,6.3,532.0
22.7,28.7,18.5,74,1.1,8.3,385.0
20.4,31.6,17.4,75,1.4,7.2,321.0
22.6,28.0,16.0,63,1.9,4.8,339.0
22.2,29.0,15.4,55,2.1,9.8,376.0
21.4,28.0,14.2,58,1.0,2.4,595.0
21.0,27.4,16.0,66,0.6,4.6,438.0
21.6,27.0,15.6,64,1.0,6.1,273.0
20.0,26.0,13.0,59,2.4,5.2,375.0
19.9,26.4,12.3,58,1.9,3.1,377.0
20.0,27.4,12.8,57,1.6,2.6,334.0
21.4,27.0,14.0,58,1.9,4.6,166.0
21.3,28.2,16.3,59,2.4,8.7,106.0
20.7,28.2,14.9,65,2.3,10.0,89.0
16.6,22.0,9.4,66,1.8,6.5,302.0
16.0,22.4,9.4,64,2.3,9.3,313.0
16.7,23.1,8.6,52,2.4,6.9,389.0
16.5,23.2,9.8,71,1.0,2.4,371.0
16.7,23.2,9.9,65,1.1,3.7,377.0
16.1,23.0,8.8,59,1.4,3.3,430.0
15.1,20.6,12.0,88,1.1,11.5,205.0
14.4,18.2,9.5,81,1.1,5.9,202.0
13.0,18.4,9.3,86,1.0,10.2,178.0
10.6,15.5,5.4,92,0.5,3.9,441.0
10.8,15.4,8.0,95,0.2,4.3,351.0
12.2,16.4,8.9,93,0.6,8.0,321.0
8.2,15.0,5.4,97,0.6,11.3,372.0
8.0,11.6,5.6,90,0.8,7.8,425.0
8.6,12.0,4.2,84,0.8,4.6,455.0
9.0,14.0,5.0,80,0.6,4.1,485.0
