01-01-2016,4.4,-2.7,12.8,0,0,,6.5,,1020.3
02-01-2016,7.1,1.1,13.9,0,0,,3.6,,1017.9
03-01-2016,9.6,3.9,20,0,0,,11.5,,1011.5
04-01-2016,10.6,5.6,18.3,0,0,,7.2,,1008.8
05-01-2016,12.5,8.3,14.4,12.2,0,,7.6,,1008.2
06-01-2016,10.2,6.7,15,2,0,,11.2,,
07-01-2016,9.7,6.7,13.3,3.3,0,,7.6,,1013.1
08-01-2016,7.9,5.6,11.7,0,0,,6.1,,1019.3
09-01-2016,8.5,5.6,14.4,0,0,,4.3,,1021.1
10-01-2016,11.4,6.7,14.4,0,0,,5.4,,1022.4
11-01-2016,9.9,6.1,15,0,0,,6.8,,
12-01-2016,9,3.9,17.2,0,0,,9.4,,1023.8
13-01-2016,11.1,5.6,17.8,0,0,,7.2,,1021.1
14-01-2016,10.1,4.4,14.4,0,0,,7.2,,1020.9
15-01-2016,12.1,7.8,17.8,0,0,,7.6,,1019
16-01-2016,12.1,7.2,18.3,0.3,0,,5.8,,1022.5
17-01-2016,12.9,7.2,20,0,0,,7.9,,1021.2
18-01-2016,13.3,8.9,17.2,2.5,0,,6.1,,1021.2
19-01-2016,11.8,8.3,14.4,3.8,0,,7.2,,1020.5
20-01-2016,11.4,7.2,15,0,0,,6.1,,1023.5
21-01-2016,11.2,7.8,18.3,0,0,,6.5,,1021.6
22-01-2016,14.6,7.8,22.8,0,0,,10.4,,1018.1
23-01-2016,14.1,7.2,15.6,1.8,0,,10.4,,1017.9
24-01-2016,9.7,5.6,13.9,0,0,,5.8,,1022
25-01-2016,9.9,5.6,14.4,0,0,,6.5,,1024
26-01-2016,11,5,17.8,0,0,,4,,1026.3
27-01-2016,10.3,5.6,16.7,0,0,,4.7,,1026.4
28-01-2016,10.1,3.9,18.3,0,0,,5,,1024.6
29-01-2016,11.9,6.1,20.6,0,0,,5.8,,1021
30-01-2016,12.9,8.3,16.7,0,0,,9.4,,1016.2
31-01-2016,10.3,4.4,11.1,23.6,0,,14.4,,
01-02-2016,6.6,2.2,11.1,0,0,,13.3,,1019.2
02-02-2016,6.6,1.1,11.7,0,0,,6.8,,1024.9
03-02-2016,6.9,0.6,13.9,0,0,,4,,1028.5
04-02-2016,8.6,2.2,15,0,0,,9,,1029.9
05-02-2016,8.5,1.1,17.8,0,0,,4.7,,1029.5
06-02-2016,9.9,4.4,17.8,0,0,,5,,1028.5
07-02-2016,11.4,4.4,20,0,0,,6.5,,1024.8
08-02-2016,13.5,5.6,23.3,0,0,,8.3,,1023.2
09-02-2016,14,5,26.1,0,0,,5.8,,1022.3
10-02-2016,16.1,7.8,24.4,0,0,,7.2,,1022.5
11-02-2016,15.2,7.2,25,0,0,,4.3,,1020.8
12-02-2016,15.2,7.8,22.8,0,0,,6.1,,1021.6
13-02-2016,14.8,8.3,21.1,0,0,,5.4,,1022.8
14-02-2016,14.1,7.2,20.6,0,0,,5.8,,1023.2
15-02-2016,15.4,8.9,23.3,0,0,,7.9,,1019.9
16-02-2016,16.2,8.3,26.1,0,0,,6.5,,1013.5
17-02-2016,17.1,10,22.2,1,0,,13,,1006.8
18-02-2016,15.2,8.3,18.3,3.6,0,,11.2,,1014.6
19-02-2016,11.9,5,19.4,0,0,,6.1,,1019.8
20-02-2016,10.8,4.4,16.7,0,0,,4.7,,1022.3
21-02-2016,11,4.4,17.8,0,0,,3.2,,1023.6
22-02-2016,12.8,7.2,19.4,0,0,,5,,1021.7
23-02-2016,13.2,6.1,22.2,0,0,,5.4,,1017.8
24-02-2016,15.8,7.8,27.8,0,0,,9.7,,1019.2
25-02-2016,16.2,8.3,25.6,0,0,,5.8,,1019.5
26-02-2016,17.1,7.2,26.1,0,0,,5.4,,1018.9
27-02-2016,16.5,9.4,22.8,0,0,,6.8,,1020.3
28-02-2016,15.1,9.4,21.7,0,0,,4,,1021
29-02-2016,15.6,9.4,22.2,0,0,,6.1,,1020.9
01-03-2016,17.1,9.4,26.7,0,0,,5.8,,1019.5
02-03-2016,17.8,10.6,27.2,0,0,,6.8,,1018.2
03-03-2016,17.4,10.6,21.7,0,0,,9.4,,1018.1
04-03-2016,16.4,10.6,23.3,0,0,,7.9,,1015.8
05-03-2016,18.4,13.9,22.2,0.3,0,,6.1,,1013.4
06-03-2016,16.9,9.4,18.9,0.8,0,,13.7,,1014.2
07-03-2016,11.7,8.9,13.9,4.6,0,,11.2,,1010.3
08-03-2016,11.1,8.3,16.7,0,0,,5.4,,1018.2
09-03-2016,12.6,6.7,22.2,0,0,,6.5,,1019.3
10-03-2016,17.6,8.9,28.3,0,0,,7.9,,1016.4
11-03-2016,17.9,7.2,22.8,5.8,0,,11.2,,1012.6
12-03-2016,10.7,7.2,17.2,0,0,,3.6,,1021.5
13-03-2016,13.2,8.3,19.4,0,0,,9.7,,
14-03-2016,15.7,10,20,0,0,,12.2,,1020.6
15-03-2016,12.7,7.2,19.4,0,0,,5.4,,1022.1
16-03-2016,14.5,8.3,23.3,0,0,,7.6,,1017.9
17-03-2016,16.8,10,26.7,0,0,,7.6,,1013.4
18-03-2016,19.3,10.6,28.3,0,0,,7.2,,1013.2
19-03-2016,19,11.1,26.7,0,0,,6.8,,1015.2
20-03-2016,18.8,11.1,26.7,0,0,,9.4,,1016.7
21-03-2016,18.2,12.2,22.8,0,0,,15.8,,1018.3
22-03-2016,15.2,8.3,20,0,0,328.8,19.8,,1020.2
23-03-2016,12.9,4.4,21.1,0,0,,6.5,,1024.1
24-03-2016,14.9,7.8,22.8,0,0,,6.8,,1022
25-03-2016,16.7,10,24.4,0,0,,8.3,,1015.5
26-03-2016,17.9,10.6,25,0,0,,9,,1013.6
27-03-2016,18.5,10.6,26.1,0,0,,7.6,,1015.2
28-03-2016,17.6,8.3,19.4,0,0,312.9,18.4,,1010.9
29-03-2016,12.7,7.2,20,0,0,,9.7,,1011.4
30-03-2016,13.2,6.7,20.6,0,0,,7.6,,1014.2
31-03-2016,15.5,8.9,23.3,0,0,,10.1,,1017.7
01-04-2016,17.5,10,26.1,0,0,,9,,1019.3
02-04-2016,19.7,10.6,30,0,0,,8.6,,1019.2
03-04-2016,21.6,13.3,30,0,0,,9.4,,1016.9
04-04-2016,20.5,13.3,27.2,0,0,,10.4,,1019.8
05-04-2016,20.2,12.2,28.3,0,0,,7.2,,1020.6
06-04-2016,21.8,13.3,32.8,0,0,,7.9,,1017.8
07-04-2016,24.1,17.2,29.4,0.3,0,,11.2,,1012.4
08-04-2016,19.2,15.6,21.7,9.9,0,,6.8,,1011.1
09-04-2016,17.6,13.9,23.3,7.4,0,254.2,15.8,,1011.6
10-04-2016,16.2,12.8,22.8,1.8,0,,7.9,,1011.8
11-04-2016,17.6,13.9,23.3,0,0,,9.4,,1017.1
12-04-2016,17.8,13.3,25,0,0,,8.3,,1019.9
13-04-2016,18,13.9,23.3,0,0,,10.8,,1019.6
14-04-2016,17.3,11.1,23.9,0,0,,16.2,,1016.5
15-04-2016,14.8,10.6,21.1,0,0,,12.6,,1017.2
16-04-2016,17.6,10.6,27.2,0,0,,9.4,,1017.7
17-04-2016,20.9,10.6,32.8,0,0,,9.4,,1016
18-04-2016,24.4,15.6,33.3,0,0,,9.7,,1015.7
19-04-2016,25.3,17.2,32.8,0,0,,11.2,,1013.2
20-04-2016,23.5,15,31.1,0,0,,9.7,,1012.2
21-04-2016,21.6,13.3,29.4,0,0,,12.2,,1011.1
22-04-2016,20.2,13.3,27.2,0,0,,18.4,,1013.3
23-04-2016,15.7,7.8,22.2,0,0,,10.1,,1019.5
24-04-2016,16.7,11.1,23.3,4.3,0,,10.4,,1014.5
25-04-2016,14.9,10.6,18.9,0,0,,14,,1014
26-04-2016,14.8,8.3,23.3,0,0,,8.6,,1015.8
27-04-2016,17.4,11.1,23.9,1,0,,14.8,,1011.6
28-04-2016,14.8,11.1,21.7,0,0,,6.8,,1011.8
29-04-2016,19.1,12.2,27.2,0,0,,12.2,,1012.8
30-04-2016,18.7,13.3,25,0,0,,7.9,,1009.7
01-05-2016,21.8,12.8,31.1,0,0,,9,,1010
02-05-2016,24.2,16.7,32.2,0,0,,9.7,,1013.3
03-05-2016,24.9,15.6,33.9,0,0,,8.6,,1012.3
04-05-2016,24.5,16.1,28.9,0,0,,17.6,,1009.2
05-05-2016,19.1,14.4,23.9,0.5,0,,14.4,,1010.1
06-05-2016,15.8,13.9,19.4,13.2,0,,6.8,,
07-05-2016,17.1,13.9,23.9,0,0,,10.8,,1012.4
08-05-2016,18.3,13.9,25,0,0,,8.3,,1013.1
09-05-2016,21.3,15,27.8,0,0,,7.9,,1012.1
10-05-2016,22,15,29.4,0,0,,8.6,,1012.1
11-05-2016,24.9,18.3,33.3,0,0,,11.2,,1013.1
12-05-2016,26.8,20,36.7,0,0,,11.2,,1012.9
13-05-2016,27.3,19.4,35,0,0,,13.7,,1011.6
14-05-2016,22.8,14.4,27.2,0,0,,13.3,,1013.8
15-05-2016,21.4,15.6,27.2,0,0,300,15.5,,1012
16-05-2016,21.9,16.1,29.4,0,0,,10.4,,1011.4
17-05-2016,24.1,17.2,31.7,0,0,,7.2,,1010.9
18-05-2016,27,18.9,35.6,0,0,,10.1,,1011.8
19-05-2016,28.7,16.7,35,0,0,,15.5,,1007.7
20-05-2016,20.1,12.8,23.9,0,0,320.4,18.4,,1008.7
21-05-2016,16.4,10,22.8,0,0,,14.4,,1014.6
22-05-2016,17.5,11.7,25,0,0,,10.8,,1016.2
23-05-2016,18.1,11.7,25.6,0,0,,11.9,,1011.9
24-05-2016,19.8,13.9,26.1,0.3,0,,12.2,,1012.5
25-05-2016,19.1,15.6,25,0,0,,9.7,,1016.8
26-05-2016,20.6,13.9,27.8,0,0,,9.4,,1015.6
27-05-2016,23.8,17.2,31.7,0,0,,12.2,,1010.7
28-05-2016,25.7,19.4,33.3,0,0,,10.8,,1008.3
29-05-2016,26.7,18.9,34.4,0,0,,13,,1011.1
30-05-2016,27,20,35.6,0,0,,9,,1012
31-05-2016,29,21.1,37.2,0,0,,9,,1008.9
01-06-2016,31.5,22.8,39.4,0,0,,11.5,,1008.7
02-06-2016,31.3,21.1,40,0,0,,12.2,,
03-06-2016,30.8,21.7,39.4,0,0,,10.1,,1012.8
04-06-2016,32.3,22.2,41.7,0,0,,12.2,,1010.1
05-06-2016,32.1,22.2,39.4,0,0,,13,,1008.1
06-06-2016,30.8,22.2,38.9,0,0,,10.4,,1006.3
07-06-2016,30.4,22.8,38.3,0,0,,10.8,,1008.3
08-06-2016,29.3,21.7,35.6,0,0,,11.9,,1009.6
09-06-2016,27,19.4,33.9,0,0,,11.2,,1010.2
10-06-2016,26,18.3,31.7,0,0,,10.8,,1011.3
11-06-2016,25,18.9,31.1,0,0,,13.7,,1010.5
12-06-2016,24.6,18.9,31.1,0,0,,13.7,,1013.8
13-06-2016,25.4,19.4,33.3,0,0,,11.5,,1014.9
14-06-2016,24.9,16.7,30.6,0,0,,11.2,,1012.8
15-06-2016,21.9,14.4,27.8,0,0,326.3,16.9,,1012.9
16-06-2016,19.8,11.7,27.2,0,0,,9.4,,1017
17-06-2016,22.4,16.1,31.7,0,0,,9.4,,1015.9
18-06-2016,24.4,17.2,30.6,0,0,,11.5,,1017.8
19-06-2016,25.4,17.8,33.9,0,0,,9.4,,1015.9
20-06-2016,28.4,21.1,36.7,0,0,,7.9,,1014.5
21-06-2016,30,22.2,37.8,0,0,,8.3,,1013.6
22-06-2016,31.3,22.8,38.9,0,0,,12.2,,1011.4
23-06-2016,28.9,18.9,35.6,0,0,,8.6,,1014.2
24-06-2016,27.7,18.3,35,0,0,,10.8,,1014.1
25-06-2016,27.8,20,35.6,0,0,,7.9,,1012.3
26-06-2016,30.3,21.1,38.3,0,0,,10.1,,1011.9
27-06-2016,32.1,24.4,40,0,0,,9.7,,1012.3
28-06-2016,33.6,26.7,41.7,0,0,,9,,1011.6
29-06-2016,34.2,25.6,42.2,0,0,,9.7,,1010
30-06-2016,32.3,23.9,40,0,0,,9.7,,1007.9
01-07-2016,32.6,23.3,40.6,0,0,,14,,1007.4
02-07-2016,32.4,24.4,40,0,0,,14,,1009.9
03-07-2016,30.8,22.2,38.3,0,0,,12.6,,1012.3
04-07-2016,30.1,21.7,37.2,0,0,,12.2,,1012.3
05-07-2016,29.6,21.7,37.2,0,0,,10.8,,1011.5
06-07-2016,28.8,20.6,36.1,0,0,,11.9,,1011.3
07-07-2016,28.3,20,35.6,0,0,,10.8,,1011.6
08-07-2016,27.8,20.6,36.7,0,0,,10.8,,1012.3
09-07-2016,27.8,21.1,33.9,0,0,,12.2,,1014.9
10-07-2016,26.1,17.8,31.1,0,0,312.5,15.1,,1014.2
11-07-2016,25.1,18.3,32.8,0,0,,9.4,,1011.6
12-07-2016,27.2,18.9,35.6,0,0,,10.8,,1011
13-07-2016,28.5,20,36.1,0,0,,10.1,,1012.6
14-07-2016,30.4,21.7,38.9,0,0,,7.9,,1012.1
15-07-2016,32.4,24.4,40.6,0,0,,12.2,,1009.8
16-07-2016,32,23.3,39.4,0,0,,13.7,,1008.6
17-07-2016,30.3,22.2,38.3,0,0,,12.6,,1009.9
18-07-2016,28.3,20,35.6,0,0,,10.4,,1014
19-07-2016,27.2,18.9,35,0,0,,11.2,,1014.9
20-07-2016,27.6,20,35.6,0,0,,8.3,,1014.4
21-07-2016,28.8,21.1,37.2,0,0,,10.8,,1014.6
22-07-2016,28.8,21.1,36.1,0,0,,9,,1015.7
23-07-2016,29.4,21.7,37.2,0,0,,7.9,,1011.7
24-07-2016,32.1,22.8,42.2,0,0,,10.8,,1008.9
25-07-2016,33.1,24.4,40.6,0,0,,11.5,,1010.2
26-07-2016,32.3,23.9,40.6,0,0,,10.1,,1009.8
27-07-2016,34.2,26.1,42.2,0,0,,9,,1009.5
28-07-2016,34.5,27.2,42.8,0,0,,9,,1009.2
29-07-2016,34.8,26.1,42.8,0,0,,9.4,,1007.2
30-07-2016,34.8,26.7,43.9,0,0,,12.6,,1006.3
31-07-2016,33.6,23.9,40.6,0,0,,11.2,,1008.3
01-08-2016,31.7,23.9,40,0,0,,10.1,,1010.6
02-08-2016,31.5,24.4,39.4,0,0,,9.7,,1012.1
03-08-2016,31.5,22.8,38.9,0,0,,9,,1011.1
04-08-2016,31.1,24.4,38.9,0,0,,8.3,,1009.1
05-08-2016,28.6,21.1,35.6,0,0,,11.2,,1008.9
06-08-2016,27.9,20.6,36.7,0,0,,10.1,,1008.5
07-08-2016,27.9,20.6,35.6,0,0,,10.1,,1008.6
08-08-2016,28.6,20,36.7,0,0,,9.4,,1007.5
09-08-2016,28.8,21.1,37.2,0,0,,11.2,,1007.2
10-08-2016,28.7,20.6,36.7,0,0,,11.5,,1009.2
11-08-2016,29.1,20.6,37.2,0,0,,10.8,,1012.2
12-08-2016,29.4,22.2,37.8,0,0,,9.7,,1013.3
13-08-2016,30.8,23.9,38.3,0,0,,9.7,,1011.8
14-08-2016,32.7,25.6,41.1,0,0,,11.5,,1009.6
15-08-2016,32.8,25,41.7,0,0,,11.2,,1009.8
16-08-2016,31,22.8,39.4,0,0,,9.4,,1009.3
17-08-2016,31.6,22.2,40.6,0,0,,10.4,,1008
18-08-2016,33.1,24.4,40.6,0,0,,14.4,,1007.4
19-08-2016,30.1,21.1,38.3,0,0,,7.9,,1009.4
20-08-2016,29.8,22.8,37.8,0,0,,9.4,,1010.3
21-08-2016,30.2,21.7,37.2,0,0,,9.7,,1009.8
22-08-2016,28.8,21.7,35,0,0,,6.1,,
23-08-2016,28.3,20.6,36.7,0,0,,9.4,,1014.2
24-08-2016,29.2,21.7,36.7,0,0,,7.6,,1014.4
25-08-2016,28.8,20.6,36.7,0,0,,9.7,,1010.2
26-08-2016,27.9,20,34.4,0,0,,9.7,,1010.2
27-08-2016,25.4,17.8,32.8,0,0,,9,,1012.7
28-08-2016,26.6,19.4,34.4,0,0,,7.2,,1014.9
29-08-2016,28.2,22.2,35.6,0,0,,8.6,,1014.4
30-08-2016,27.7,20.6,35,0,0,,6.8,,1012.1
31-08-2016,28.1,21.7,34.4,0,0,,9.4,,1010.3
01-09-2016,27.3,20,34.4,0,0,242.9,10.4,,1011
02-09-2016,26.9,18.9,34.4,0,0,,10.8,,1009.8
03-09-2016,27.2,19.4,34.4,0,0,,11.2,,1007.5
04-09-2016,23.9,17.2,29.4,0,0,,12.2,,1008.3
05-09-2016,22.4,16.1,29.4,0,0,,8.3,,1008.3
06-09-2016,24.5,17.2,33.3,0,0,,8.3,,1009.6
07-09-2016,27.3,18.3,36.1,0,0,,10.8,,1011.2
08-09-2016,28.6,20,36.1,0,0,,8.3,,1014.1
09-09-2016,27.5,21.1,35,0,0,,8.6,,1013.4
10-09-2016,28.5,21.7,36.7,0,0,,8.6,,1014
11-09-2016,28.8,21.1,36.1,0,0,,8.6,,1013.5
12-09-2016,26.9,17.8,33.9,0,0,,13,,1009.1
13-09-2016,20.4,13.3,24.4,0,0,,13.3,,1012.4
14-09-2016,19.6,13.3,26.7,0,0,,8.6,,1016.7
15-09-2016,21.9,15,30,0,0,,6.5,,1015
16-09-2016,24.2,16.7,32.2,0,0,,9.4,,1012.7
17-09-2016,26.2,18.9,35,0,0,,9,,1013.5
18-09-2016,28.2,18.9,38.9,0,0,,9.4,,1012.7
19-09-2016,30.1,20.6,40.6,0,0,,11.9,,1011.9
20-09-2016,30.7,25,35.6,0,0,,9.7,,1011.9
21-09-2016,28.6,20,33.3,0,0,,13.3,,1010.2
22-09-2016,21.6,12.8,24.4,0,0,,13.7,,1014.3
23-09-2016,18.9,13.3,26.7,0,0,,9.4,,1018.1
24-09-2016,21.8,14.4,30,0,0,,9,,1018.2
25-09-2016,24.4,15.6,36.1,0,0,,7.9,,1016.3
26-09-2016,27.8,17.2,38.3,0,0,,10.8,,1013.8
27-09-2016,29.1,19.4,37.2,0,0,,9,,1010.9
28-09-2016,29.4,20,38.3,0,0,,9.7,,1010.4
29-09-2016,28.9,21.7,36.1,0,0,,9.4,,1014.2
30-09-2016,26.8,18.9,33.3,0,0,,9.4,,1015.1
01-10-2016,21.6,13.9,24.4,0,0,,9,,1017
02-10-2016,18.9,11.1,24.4,0,0,,10.8,,1015.2
03-10-2016,16.9,10.6,22.2,0,0,,7.2,,1017.3
04-10-2016,17.9,11.1,23.9,0,0,,7.6,,1014.1
05-10-2016,17.6,11.1,24.4,0,0,,8.3,,1015.4
06-10-2016,18.2,12.8,26.1,0,0,,7.6,,1015.9
07-10-2016,19.8,12.8,29.4,0,0,,6.5,,1014.6
08-10-2016,21.6,13.3,32.8,0,0,,6.8,,1012.5
09-10-2016,23.8,14.4,33.3,0,0,,9.4,,1012.9
10-10-2016,25.1,16.1,32.2,0,0,,9.4,,1012.6
11-10-2016,22.3,15,27.2,0,0,,9.4,,1014.6
12-10-2016,20.2,13.9,27.2,0,0,,7.6,,1016.3
13-10-2016,20.5,13.9,27.2,0,0,,5.8,,1015.9
14-10-2016,21.1,13.3,28.9,0,0,,9.4,,1014.1
15-10-2016,21.7,15.6,28.3,0,0,,11.2,,1013.9
16-10-2016,22.5,17.2,28.3,0.5,0,,13.7,,1012.8
17-10-2016,19.9,14.4,23.9,0.8,0,315,13,,
18-10-2016,16.4,10,21.1,0,0,,4,,1019
19-10-2016,17.1,11.7,23.9,0,0,,5.8,,1020.4
20-10-2016,18,11.1,26.7,0,0,,7.2,,1018.6
21-10-2016,19.8,12.2,27.8,0,0,,6.1,,1013.2
22-10-2016,20.8,13.3,28.3,0,0,,4.7,,
23-10-2016,21.2,14.4,28.3,0,0,,11.9,,1011.8
24-10-2016,24.7,15,28.3,0,0,,16.2,,1014.2
25-10-2016,18.9,12.8,26.1,0,0,,6.8,,1017.8
26-10-2016,20.2,13.3,27.8,0,0,,8.3,,
27-10-2016,21.1,15.6,29.4,0,0,,9,,1013.9
28-10-2016,20.4,15.6,25,3.8,0,,10.4,,1012.2
29-10-2016,18.8,14.4,26.1,0,0,,6.8,,
30-10-2016,20.6,14.4,22.8,1,0,,14.8,,1013.7
31-10-2016,16.1,10,20.6,0,0,,7.6,,1017.3
01-11-2016,15.7,11.7,21.1,0,0,,9.4,,1017.2
02-11-2016,14.9,10,21.1,0,0,,5.4,,1021.3
03-11-2016,15.3,8.9,22.8,0,0,,4.7,,1021
04-11-2016,17.3,10,25,0,0,,6.8,,1019.6
05-11-2016,17.5,10,25.6,0,0,,6.8,,1017.9
06-11-2016,16.9,11.1,22.8,0,0,,8.3,,1018.8
07-11-2016,17.7,11.7,24.4,0,0,,4.3,,1020.1
08-11-2016,17.5,11.1,25.6,0,0,,5,,1020
09-11-2016,18.4,11.1,25.6,0,0,,6.5,,1018.4
10-11-2016,19.4,11.7,28.9,0,0,,6.8,,1017.2
11-11-2016,21.7,12.8,31.7,0,0,,8.6,,1017.4
12-11-2016,21.6,14.4,26.1,0,0,,6.1,,1018.5
13-11-2016,18.3,11.7,25,0,0,,5.4,,1021
14-11-2016,17.8,10.6,25,0,0,,4,,1020.5
15-11-2016,17.3,11.1,23.9,0,0,,6.1,,1017.4
16-11-2016,15.5,7.2,16.7,0,0,,11.2,,1016.2
17-11-2016,10.4,5,17.2,0,0,,6.8,,1018.5
18-11-2016,11.6,3.3,25,0,0,,7.2,,1017.1
19-11-2016,15.5,7.8,25,0,0,,7.9,,1015.1
20-11-2016,15.6,10,24.4,2.5,0,,10.4,,1012.9
21-11-2016,14.7,8.3,17.2,1.3,0,,11.2,,
22-11-2016,11.1,7.2,16.7,0,0,,4.7,,1021.4
23-11-2016,12.2,6.7,16.7,0,0,,6.1,,1024.3
24-11-2016,9.9,4.4,15.6,0,0,,2.5,,
25-11-2016,9.6,2.8,18.3,0,0,,5.4,,1018.2
26-11-2016,11.2,3.3,20,3,0,,12.2,,1013.4
27-11-2016,10.6,5.6,14.4,2.8,0,,10.8,,1017.1
28-11-2016,9.2,6.1,12.8,0,0,,6.1,,1016.4
29-11-2016,10.6,6.1,15.6,0,0,,5.8,,1018.9
30-11-2016,9.3,3.3,15.6,0,0,,6.5,,1019.3
01-12-2016,9.3,6.7,12.2,0,0,,4.7,,1018.5
02-12-2016,8.6,3.9,12.2,0,0,,3.2,,
03-12-2016,7.7,2.2,13.9,0,0,,3.2,,1023.6
04-12-2016,8.3,1.7,16.1,0,0,,4.7,,1020.8
05-12-2016,9.6,3.3,15.6,0,0,,5.8,,1017.8
06-12-2016,9.9,5,12.2,0,0,,6.1,,1017.5
07-12-2016,7.9,4.4,12.8,0,0,,5,,1021.1
08-12-2016,10.7,7.2,19.4,0,0,,5.8,,1022.9
09-12-2016,16.2,12.2,21.7,1,0,,5.8,,1023
10-12-2016,15.4,11.1,21.1,0,0,,4.7,,1020.1
11-12-2016,16,12.2,18.3,0,0,,4.7,,1019.5
12-12-2016,12.8,9.4,15,0,0,,3.2,,1020
13-12-2016,12.6,8.3,21.1,0,0,,4.7,,1019.2
14-12-2016,14,7.8,22.8,0,0,,4.7,,1017.4
15-12-2016,14.8,11.7,17.8,3,0,,7.6,,1013.1
16-12-2016,14.1,5,17.8,6.1,0,264.2,16.2,,1011.1
17-12-2016,6.6,1.7,10.6,0,0,,4.7,,1023.3
18-12-2016,4.3,0,9.4,0,0,,4.7,,1026.9
19-12-2016,5.1,0,12.2,0,0,,6.1,,1028.9
20-12-2016,5.2,-1,12.2,0,0,,3.6,,1025.7
21-12-2016,7.8,5.6,11.1,0,0,,7.2,,1019.4
22-12-2016,9.3,5.6,15,0,0,,5.8,,1016.3
23-12-2016,9.9,5.6,16.7,23.1,0,,8.3,,1012.6
24-12-2016,9.1,3.3,10.6,4.8,0,,11.2,,1011.1
25-12-2016,6.1,1.7,11.7,0,0,,4.3,,1018.5
26-12-2016,8.1,3.3,13.3,0,0,,8.6,,1023.8
27-12-2016,6.7,1.1,12.2,0,0,,7.6,,1027.1
28-12-2016,7.1,2.2,13.3,0,0,,6.1,,1025.4
29-12-2016,8,2.2,18.9,0,0,,5,,1022.1
30-12-2016,10.3,7.8,12.2,11.2,0,,12.2,,
31-12-2016,8.8,4.4,12.8,11.9,0,,9.7,,1013.5
01-01-2017,6.8,3.9,13.3,0,0,,6.8,,1014.6
02-01-2017,9.4,7.2,11.7,0,0,,4,,1018
03-01-2017,9.6,6.7,15,0,0,,3.2,,1019.7
04-01-2017,12.2,9.4,16.1,2.3,0,,6.5,,1016.1
05-01-2017,13.3,7.2,14.4,4.3,0,,9.7,,
06-01-2017,8.1,3.3,12.2,0,0,,6.1,,1019.2
07-01-2017,11.2,8.3,17.2,5.1,0,127.9,11.2,,1018.6
08-01-2017,18.1,13.9,24.4,6.1,0,133.3,16.9,,1017.3
09-01-2017,17.2,11.7,17.8,5.8,0,,12.2,,1019
10-01-2017,13.7,11.1,17.2,0,0,,6.1,,1017
11-01-2017,14.9,10,17.8,0,0,,8.3,,1013.3
12-01-2017,12.6,8.9,14.4,14.2,0,,8.3,,
13-01-2017,8.7,5,8.9,3.3,0,,8.3,,1019.9
14-01-2017,6.4,3.3,8.9,0,0,,6.1,,1022.7
15-01-2017,7.2,6.1,7.8,0,0,,6.8,,1020.8
16-01-2017,7.7,2.8,10.6,0,0,,3.6,,1021
17-01-2017,6.2,1.1,16.7,0,0,,6.8,,1020.2
18-01-2017,8.8,2.8,12.8,2.3,0,,8.3,,1017.8
19-01-2017,10.6,7.2,14.4,4.1,0,,6.8,,
20-01-2017,10.8,7.8,12.2,16,0,,9.7,,1000.5
21-01-2017,9.1,3.9,14.4,0,0,,6.8,,1011.3
22-01-2017,12.2,9.4,15.6,3.3,0,,17.6,,1009.7
23-01-2017,10.1,5,11.7,3.3,0,,7.6,,1011.3
24-01-2017,7.3,3.3,12.8,0,0,,7.2,,1017.1
25-01-2017,6.9,1.7,12.8,0,0,,3.6,,1026.3
26-01-2017,7.4,2.2,12.8,0,0,,7.2,,1029.5
27-01-2017,7.6,1.1,13.9,0,0,,5,,1034
28-01-2017,-4.7,1.1,15.6,0,0,,5,,
29-01-2017,8.4,2.2,17.2,0,0,,3.2,,1029.9
30-01-2017,10.1,3.9,17.8,0,0,,4,,1023.7
31-01-2017,10.9,5,19.4,0,0,,5.4,,
01-02-2017,13.3,5.6,22.8,0,0,,8.3,,1015.8
02-02-2017,14.3,10,20,0,0,,6.5,,1017
03-02-2017,16.3,12.2,22.2,2.3,0,,10.8,,1016
04-02-2017,15,8.9,18.9,0,0,,8.6,,1019
05-02-2017,12.3,7.8,16.1,1.3,0,,6.8,,1014.8
06-02-2017,14.7,12.2,18.9,3.8,0,,10.8,,1013.7
07-02-2017,16.2,12.2,22.2,1.5,0,,5,,1016.9
08-02-2017,17.4,12.8,23.3,0,0,,3.2,,
09-02-2017,18.2,13.3,23.3,0,0,,9.7,,1015.7
10-02-2017,16.7,13.3,16.7,9.7,0,,8.3,,1016.9
11-02-2017,13.3,8.3,14.4,1.8,0,,14,,1020.1
12-02-2017,11.3,6.7,17.8,0,0,,3.6,,1022.3
13-02-2017,12.3,6.1,19.4,0,0,,3.6,,1020.1
14-02-2017,14.4,10,19.4,0,0,,3.2,,1019.7
15-02-2017,14.8,8.3,23.9,0,0,,6.5,,1018.6
16-02-2017,14.6,8.3,17.8,3.8,0,,9.4,,1014.3
17-02-2017,14.6,12.2,18.3,5.8,0,,27.4,,998.5
18-02-2017,13.9,9.4,18.3,0,0,,11.5,,1000.3
19-02-2017,13,10,16.7,6.1,0,,6.8,,1013.2
20-02-2017,14.9,11.7,22.8,1,0,,10.1,,1018.8
21-02-2017,18.2,11.7,22.2,0,0,,12.2,,1022.5
22-02-2017,13.1,5.6,15,0,0,,15.8,,1021.2
23-02-2017,7.8,2.8,11.7,0,0,,9.4,,1021.7
24-02-2017,6.7,1.1,13.9,0,0,,4.7,,1023.6
25-02-2017,7.4,0.6,11.1,0,0,,4.7,,1019.6
26-02-2017,8.6,3.9,13.9,0,0,,7.6,,1014.4
27-02-2017,10.8,7.8,12.8,0,0,,7.9,,1012.7
28-02-2017,9.2,2.2,15.6,0,0,,7.2,,1021.2
01-03-2017,9.4,2.2,17.8,0,0,,5.4,,1027.9
02-03-2017,11.6,3.3,20.6,0,0,,4,,1025.5
03-03-2017,12.9,4.4,21.1,0,0,,4.3,,1018.4
04-03-2017,14.6,6.7,22.8,0,0,,10.1,,1013.7
05-03-2017,12.5,4.4,15.6,1,0,,15.5,,1014.8
06-03-2017,7.4,1.1,14.4,0,0,,6.8,,1024.8
07-03-2017,9.3,3.3,17.8,0,0,,5.4,,1026.3
08-03-2017,11.7,5.6,18.9,0,0,,4,,1024.6
09-03-2017,13.8,6.7,23.3,0,0,,6.5,,1021.9
10-03-2017,16,9.4,22.2,0,0,,4.7,,1020
11-03-2017,16.5,9.4,24.4,0,0,,6.8,,1019.6
12-03-2017,18.3,12.2,24.4,0,0,,4.7,,
13-03-2017,18.2,11.7,26.7,0,0,,4.3,,1018.5
14-03-2017,19.9,11.7,29.4,0,0,,5,,1017
15-03-2017,22.1,12.8,32.2,0,0,,7.9,,1017.3
16-03-2017,18.9,10.6,24.4,0,0,,5,,1020.1
17-03-2017,18.6,12.2,27.2,0,0,,6.1,,1017.1
18-03-2017,20.7,13.3,28.3,0,0,,7.6,,1015.7
19-03-2017,18.3,11.1,24.4,0,0,,4.3,,1016.3
20-03-2017,18.4,12.2,23.9,0,0,,12.6,,1015.7
21-03-2017,18.5,14.4,23.9,0.8,0,,12.2,,1014.9
22-03-2017,16.6,10.6,20,1,0,,8.6,,
23-03-2017,11.9,8.3,17.2,0,0,,7.9,,1022
24-03-2017,13.7,6.1,24.4,0.5,0,,9.4,,1022.7
25-03-2017,15.4,10,19.4,0.8,0,,9,,1019.3
26-03-2017,14.9,10,21.1,0,0,,6.1,,1018.3
27-03-2017,15.9,9.4,20,0,0,,18,,1019.1
28-03-2017,13.8,7.8,21.7,0,0,,8.3,,1021.2
29-03-2017,16.6,9.4,25.6,0,0,,7.2,,1020.1
30-03-2017,17.4,10,22.8,0,0,,20.5,,1014.3
31-03-2017,13.3,5,20,0,0,,6.5,,1012.8
01-04-2017,16.2,8.9,26.1,0,0,,9.7,,1015.3
02-04-2017,19.1,10,28.9,0,0,,8.3,,1013.7
03-04-2017,20.3,10.6,26.7,0,0,,11.2,,1012.2
04-04-2017,18.7,10,29.4,0,0,,9.7,,1015.2
05-04-2017,20.8,11.1,32.2,0,0,,7.9,,1015.5
06-04-2017,22.1,14.4,27.8,0,0,,9.7,,1012.5
07-04-2017,21,15.6,27.8,0.5,0,,15.5,,1012.5
08-04-2017,16.5,6.7,20,0,0,,17.3,,1016.8
09-04-2017,10.8,4.4,20.6,0,0,,7.2,,1021.2
10-04-2017,13.4,6.1,22.2,0,0,,7.2,,1020.3
11-04-2017,16.2,8.9,25,0,0,,6.1,,1016
12-04-2017,19.3,11.1,28.3,0,0,,14.4,,1014.6
13-04-2017,18.7,12.8,23.3,0,0,,19.4,,1015.4
14-04-2017,14.2,7.8,19.4,0,0,,13.3,,1019.7
15-04-2017,14.4,5.6,23.9,0,0,,7.9,,1017.1
16-04-2017,19.6,10.6,30.6,0,0,,11.9,,1013.8
17-04-2017,20.7,14.4,28.3,0,0,,10.8,,1015.8
18-04-2017,18.9,15,19.4,8.4,0,,13.7,,
19-04-2017,16.9,11.7,23.9,0,0,,10.8,,1021.4
20-04-2017,17.6,10.6,24.4,0,0,,11.5,,1022.1
21-04-2017,17.4,11.1,26.1,0,0,,7.6,,1018.4
22-04-2017,20.7,12.2,28.9,0,0,,7.9,,1013.6
23-04-2017,20.3,12.2,25.6,0,0,,11.5,,1013.1
24-04-2017,17.7,10.6,24.4,0,0,,17.6,,1014.6
25-04-2017,17,11.1,22.8,0,0,307.5,14,,1015.8
26-04-2017,17.6,10.6,25.6,0,0,,10.4,,1015.8
27-04-2017,19,13.9,25.6,0,0,305.8,17.6,,1013
28-04-2017,17.9,8.9,25.6,0,0,,12.6,,1013.2
29-04-2017,19.2,10,28.9,0,0,,11.2,,1017.2
30-04-2017,21.3,12.2,31.1,0,0,,9.4,,1017.8
01-05-2017,23.7,15,31.7,0,0,,9,,1014.5
02-05-2017,26.1,17.2,33.9,0,0,,10.1,,1012.1
03-05-2017,27.8,20.6,36.1,0,0,,11.5,,1011.7
04-05-2017,30.3,21.1,40,0,0,,12.6,,1010.3
05-05-2017,26.2,18.9,30.6,0,0,,11.2,,1008.7
06-05-2017,19.3,10.6,19.4,1.3,0,,15.1,,1007.2
07-05-2017,13.6,10,23.3,0,0,,13.3,,1009
08-05-2017,19.2,13.3,27.2,0,0,,7.2,,1011.7
09-05-2017,22.7,13.9,31.7,0,0,,9,,1009
10-05-2017,23.7,16.1,28.3,0,0,,14.4,,1013.4
11-05-2017,21.2,14.4,28.9,0,0,,12.6,,1017.5
12-05-2017,19.6,11.1,19.4,0,0,,14.4,,1017.2
13-05-2017,14.4,7.8,22.8,0,0,,8.6,,1015.3
14-05-2017,16.2,7.2,24.4,0,0,,9,,1010.9
15-05-2017,17.5,12.8,23.9,0,0,,10.8,,1010.8
16-05-2017,18.6,14.4,26.7,0,0,,11.2,,1014.4
17-05-2017,18.1,13.9,23.9,0,0,,13,,1014.4
18-05-2017,19.4,11.1,27.8,0,0,,9,,1013.1
19-05-2017,23.9,13.3,33.3,0,0,,11.2,,1012.4
20-05-2017,26.3,17.2,35.6,0,0,,11.2,,1011.8
21-05-2017,27.9,18.3,37.2,0,0,,10.4,,1011.2
22-05-2017,29.3,20,38.3,0,0,,11.2,,1011.5
23-05-2017,30.6,20.6,38.9,0,0,,9.7,,1010.6
24-05-2017,30.7,20.6,37.2,0,0,,14.4,,1006.3
25-05-2017,23.6,15.6,27.2,0,0,,19.8,,1006.1
26-05-2017,18.9,14.4,25,0,0,,12.2,,1012.8
27-05-2017,20.1,13.9,28.3,0,0,,9,,1015.8
28-05-2017,23.7,16.7,32.2,0,0,,7.9,,1014.6
29-05-2017,26.4,20,33.9,0,0,,7.6,,1010.7
30-05-2017,26.8,20,33.3,0,0,,11.2,,1010
31-05-2017,23.4,18.3,25.6,0.3,0,,10.4,,1011.8
01-06-2017,22,16.7,30,0,0,,9.4,,1011.5
02-06-2017,25.1,18.9,33.3,0,0,,9.4,,1011.1
03-06-2017,28.3,21.1,36.1,0,0,,8.6,,1009.5
04-06-2017,29.3,20.6,37.2,0,0,,12.2,,1009.7
05-06-2017,27,17.2,35.6,0,0,,11.9,,1010
06-06-2017,27.9,18.9,36.1,0,0,,10.1,,1009.7
07-06-2017,27.7,18.9,35.6,0,0,,13.3,,1009.6
08-06-2017,25.7,18.3,32.8,0,0,,12.6,,1013.1
09-06-2017,24.4,18.3,31.7,0,0,,14.4,,1011.5
10-06-2017,21.8,16.1,26.1,0,0,,15.1,,1011.4
11-06-2017,19.5,13.9,23.9,0,0,310.4,17.6,,1012
12-06-2017,17.9,11.1,24.4,0,0,,10.1,,1017.5
13-06-2017,19.8,12.8,28.3,0,0,,6.1,,1015.4
14-06-2017,23.9,14.4,32.8,0,0,,9,,1012.8
15-06-2017,27.3,20,35.6,0,0,,9.4,,1013.2
16-06-2017,28.2,20,35.6,0,0,,8.3,,1012.4
17-06-2017,30.9,23.3,37.8,0,0,,11.5,,1009.6
18-06-2017,33.3,27.2,40.6,0,0,,10.1,,1006.7
19-06-2017,35.1,26.7,42.8,0,0,,9,,1006.5
20-06-2017,36,28.3,43.3,0,0,,11.5,,1007.1
21-06-2017,35.5,27.2,43.3,0,0,,10.4,,1004.5
22-06-2017,35.4,27.2,43.3,0,0,,11.5,,1004.2
23-06-2017,35.1,26.7,41.1,0,0,,10.4,,1008
24-06-2017,34.3,26.1,41.1,0,0,,11.5,,1009.6
25-06-2017,32.5,24.4,43.3,0,0,,10.8,,1010.6
26-06-2017,31.4,21.7,40,0,0,,11.9,,1012.2
27-06-2017,28.2,20,35,0,0,,11.2,,1010.5
28-06-2017,27.8,19.4,35.6,0,0,,10.4,,1009.8
29-06-2017,28.7,21.7,36.7,0,0,,10.4,,1010.8
30-06-2017,28.9,21.1,36.1,0,0,,10.8,,1010.6
01-07-2017,29.9,22.2,37.2,0,0,,10.8,,1008.2
02-07-2017,29.5,21.7,37.8,0,0,,10.8,,1010.2
03-07-2017,30.7,22.2,38.9,0,0,,11.9,,1012.5
04-07-2017,30.9,21.1,41.1,0,0,,9.4,,1012.3
05-07-2017,30.7,21.7,38.3,0,0,,7.9,,1013.1
06-07-2017,31.7,23.9,38.9,0,0,,9.4,,1014.5
07-07-2017,32.7,26.1,39.4,0,0,,6.8,,1012.6
08-07-2017,35.3,28.3,41.7,0,0,,9.7,,1010.1
09-07-2017,34.4,29.4,41.1,0,0,,9.7,,1009.9
10-07-2017,34.3,28.3,40,0,0,,9.4,,1009.4
11-07-2017,33.2,25.6,40,0,0,,11.2,,1009.5
12-07-2017,31.7,23.3,39.4,0,0,,9,,1010.8
13-07-2017,31.4,22.8,40.6,0,0,,9,,1012.3
14-07-2017,31.9,25,40,0,0,,10.4,,1013.2
15-07-2017,31.5,23.3,38.9,0,0,,9.4,,1013.2
16-07-2017,32.7,26.7,39.4,0,0,,9.4,,1010.2
17-07-2017,33.6,26.1,41.1,0,0,,10.8,,1008.4
18-07-2017,31.8,23.3,38.3,0,0,,10.8,,1011.6
19-07-2017,29.9,21.7,37.8,0,0,,11.9,,1012.6
20-07-2017,29.4,21.1,37.2,0,0,,11.2,,1013.3
21-07-2017,29.2,21.1,36.1,0,0,,9,,1012.3
22-07-2017,29.8,22.8,37.8,0,0,,9,,1010.4
23-07-2017,32.4,25,41.1,0,0,,10.8,,1007.5
24-07-2017,32.7,25,39.4,0,0,,16.9,,1007.8
25-07-2017,31.4,23.9,37.8,0,0,305,14.8,,1010.7
26-07-2017,30.8,23.9,37.8,0,0,,11.9,,1012.8
27-07-2017,31.6,25,39.4,0,0,,9.7,,1011.7
28-07-2017,32.8,25,41.1,0,0,,11.2,,1009.8
29-07-2017,32.9,23.9,41.1,0,0,,7.6,,1011.3
30-07-2017,32.4,24.4,40.6,0,0,,10.8,,1013.6
31-07-2017,31.8,24.4,40,0,0,,9.7,,1013.2
01-08-2017,33.2,26.7,40.6,0,0,,7.9,,1010.4
02-08-2017,35.6,30,39.4,0,0,,6.1,,1010
03-08-2017,33.8,29.4,36.7,0,0,,7.6,,1011.8
04-08-2017,33.2,26.1,39.4,0,0,,10.1,,1011.2
05-08-2017,31.7,25,38.3,0,0,,11.5,,1010.1
06-08-2017,31.2,23.3,38.9,0,0,,11.2,,1009.7
07-08-2017,30.4,22.2,37.8,0,0,,9.4,,1010.7
08-08-2017,30.4,22.2,38.3,0,0,,10.8,,1010.8
09-08-2017,30.8,23.3,38.9,0,0,,10.4,,1010.4
10-08-2017,30.5,22.8,38.9,0,0,,8.6,,1010.7
11-08-2017,30.7,23.3,38.3,0,0,,10.4,,1010.1
12-08-2017,30.4,23.3,38.9,0,0,,9,,1009.8
13-08-2017,30.8,23.3,39.4,0,0,,10.8,,1009.8
14-08-2017,29.3,21.1,35.6,0,0,,13.3,,1008.4
15-08-2017,25.9,18.3,31.7,0,0,,12.2,,1009.2
16-08-2017,25,18.9,32.8,0,0,,8.6,,1011.7
17-08-2017,28.1,22.8,35,0,0,,7.9,,1012.6
18-08-2017,30.1,24.4,37.8,0,0,,10.1,,1011.9
19-08-2017,31.2,24.4,38.3,0,0,,9.7,,1009.2
20-08-2017,30.9,23.3,36.7,0,0,293.8,13.7,,1008.7
21-08-2017,28.5,22.8,34.4,0,0,,10.1,,1012
22-08-2017,28.2,21.7,35.6,0,0,,10.4,,1013.5
23-08-2017,29.6,22.8,36.7,0,0,,8.3,,1010.9
24-08-2017,30.4,23.3,36.1,0,0,,9.7,,1008.6
25-08-2017,30.4,24.4,37.8,0,0,,8.6,,1007.9
26-08-2017,32.1,25,40,0,0,,8.3,,1010.7
27-08-2017,33.9,26.1,42.8,0,0,,9.4,,1011
28-08-2017,34.3,26.1,42.2,0,0,,9.7,,1008.4
29-08-2017,35.6,27.8,44.4,0,0,,9.7,,1007.4
30-08-2017,33.8,26.1,38.9,0,0,,7.6,,
31-08-2017,32.4,25.6,40,0,0,,6.1,,1007.7
01-09-2017,34.5,27.8,42.2,0,0,,11.5,,1008.2
02-09-2017,34.5,26.1,43.9,0,0,,9.4,,1008.2
03-09-2017,36.8,27.2,43.9,0.3,0,,13.3,,1010.5
04-09-2017,31.6,27.2,38.3,0,0,,10.1,,1008.9
05-09-2017,30.1,25,36.7,0,0,245,12.2,,1011.9
06-09-2017,30.2,24.4,36.7,0,0,,10.1,,1012.4
07-09-2017,28.9,21.7,34.4,0,0,,13,,1011.3
08-09-2017,26.4,19.4,32.8,0,0,,10.1,,1010
09-09-2017,27.5,20.6,35,0,0,,9.4,,1012.1
10-09-2017,29.7,23.9,37.2,0,0,,11.5,,1012
11-09-2017,30.5,25,37.8,0,0,,9.4,,1010.4
12-09-2017,30.3,23.9,37.2,0,0,,13,,1009.5
13-09-2017,27.9,20.6,33.3,12.7,0,,12.6,,1008.4
14-09-2017,24.3,18.9,28.9,0,0,,13,,1010.1
15-09-2017,23.1,17.8,28.9,0,0,,9.4,,1011.2
16-09-2017,23.3,17.8,30.6,0,0,,8.3,,1010.9
17-09-2017,25.1,19.4,31.7,0,0,,7.6,,1011.4
18-09-2017,24.8,17.8,32.2,0,0,,7.9,,1011.7
19-09-2017,22.2,16.1,26.1,0,0,,10.4,,1013.3
20-09-2017,20.8,14.4,28.3,0,0,,7.2,,1011.6
21-09-2017,20.1,13.9,22.8,0.3,0,,10.8,,1010.4
22-09-2017,17.4,11.1,23.9,0,0,,8.6,,1011.1
23-09-2017,18.6,12.8,25.6,0,0,,9,,1011.3
24-09-2017,20.1,12.2,28.9,0,0,,8.6,,1012.4
25-09-2017,21.8,14.4,30.6,0,0,,8.3,,1011.7
26-09-2017,23.4,15,32.8,0,0,,9.4,,1009.2
27-09-2017,25.6,16.1,35,0,0,,10.8,,1011
28-09-2017,26.3,17.8,35,0,0,,9.4,,1012.6
29-09-2017,25.9,16.7,33.9,0,0,,7.9,,1012.5
30-09-2017,23.8,16.1,30,0,0,,9,,1011.7
01-10-2017,22.7,15.6,28.9,0,0,,10.1,,1010.1
02-10-2017,19.3,11.1,25,0,0,,6.1,,1008.9
03-10-2017,19.8,11.7,26.7,0,0,,13.3,,1009
04-10-2017,17.6,10,26.1,0,0,,7.9,,1016.6
05-10-2017,19.4,11.1,27.2,0,0,,7.6,,1015.2
06-10-2017,20.3,11.1,30,0,0,,8.3,,1015.6
07-10-2017,21.8,12.2,31.7,0,0,,6.5,,1011.4
08-10-2017,22.8,14.4,29.4,0,0,,9.7,,1007.1
09-10-2017,22.2,13.3,31.1,0,0,,22,,1011.6
10-10-2017,25,17.2,32.8,0,0,,9.4,,1011.9
11-10-2017,21.1,12.2,27.8,0,0,,8.3,,1011.5
12-10-2017,17.3,8.9,22.2,0,0,,7.2,,1016.9
13-10-2017,16.3,8.9,24.4,0,0,,7.2,,1018.1
14-10-2017,17.4,10,24.4,0,0,,8.6,,1018.6
15-10-2017,17.4,8.3,31.1,0,0,,7.6,,1019.5
16-10-2017,19.8,11.1,28.9,0,0,,5.8,,1019.4
17-10-2017,21.3,13.3,32.2,0,0,,6.5,,1017.2
18-10-2017,22.8,16.1,29.4,0,0,,7.6,,1015.2
19-10-2017,20.1,13.3,28.3,0,0,,7.9,,1012.6
20-10-2017,18.7,10.6,21.1,0,0,,15.5,,1015.8
21-10-2017,14,8.9,21.1,0,0,,5.4,,1022.8
22-10-2017,15.9,9.4,23.9,0,0,,6.5,,1025.5
23-10-2017,17.7,10.6,26.7,0,0,,6.1,,1023.6
24-10-2017,21,13.3,31.7,0,0,,7.6,,1020
25-10-2017,22.6,14.4,32.8,0,0,,7.6,,1014
26-10-2017,23.5,13.9,34.4,0,0,,7.2,,1011.8
27-10-2017,23.1,14.4,31.7,0,0,,6.1,,1013.6
28-10-2017,22.5,12.8,31.7,0,0,,5.8,,1012
29-10-2017,22.1,12.8,30,0,0,,6.1,,1009.9
30-10-2017,21.2,13.9,27.8,0,0,,10.8,,1008.5
31-10-2017,16.3,10.6,20,0,0,,10.4,,1012.5
01-11-2017,15.3,10,21.7,0,0,,7.2,,1013.4
02-11-2017,16.3,11.1,20.6,0,0,,6.1,,1015.8
03-11-2017,18.3,12.2,22.8,0,0,,8.3,,1017
04-11-2017,17.4,10.6,22.8,0,0,,7.9,,1015.6
05-11-2017,16.9,11.1,18.9,0.5,0,,10.8,,1018.1
06-11-2017,13.9,9.4,18.3,0,0,,4.7,,1019.5
07-11-2017,13.5,6.7,21.7,0,0,,5.8,,1019.5
08-11-2017,16.8,8.9,26.1,0,0,,8.6,,1016
09-11-2017,18.6,11.7,23.9,0,0,,9.4,,1016.3
10-11-2017,16.7,10.6,21.7,0,0,,5,,1016.7
11-11-2017,14.8,8.9,20,0,0,,5.4,,1017.9
12-11-2017,14.8,10,18.9,0,0,,2.5,,1019.3
13-11-2017,13.7,8.3,20.6,0,0,,4.7,,1022
14-11-2017,14.7,9.4,21.1,0,0,,5.4,,1021.4
15-11-2017,15.6,10,23.9,0,0,,4,,1016.4
16-11-2017,20.4,16.7,26.1,0,0,,7.9,,1013
17-11-2017,18.9,12.2,20,0.3,0,,10.8,,
18-11-2017,13.5,7.8,18.3,0,0,,5.8,,1021.9
19-11-2017,12,5.6,20,0,0,,5.8,,1019.7
20-11-2017,13.1,7.8,22.2,0,0,,4.3,,1019.5
21-11-2017,16.1,11.7,23.9,0,0,,4.7,,1020.9
22-11-2017,16.5,9.4,25.6,0,0,,5.8,,1020.1
23-11-2017,16.9,10,25,0,0,,7.9,,1018.8
24-11-2017,17.1,11.7,24.4,0,0,,5,,1017.2
25-11-2017,17.2,10.6,25,0,0,,5.8,,1015.9
26-11-2017,19,11.7,28.9,0,0,,7.9,,1014.9
27-11-2017,18.2,6.1,20,0,0,,15.8,,1017.5
28-11-2017,10.3,3.9,16.7,0,0,,5.4,,1019.5
29-11-2017,11.5,5.6,16.7,0,0,,3.6,,1020.6
30-11-2017,11.1,5,17.8,0,0,,6.1,,1020.3
01-12-2017,11.6,5.6,18.3,0,0,,7.6,,1018.3
02-12-2017,11.3,4.4,18.9,0,0,,5.8,,1016.8
03-12-2017,11.4,6.1,14.4,0,0,177.1,9.7,,1019.2
04-12-2017,9.6,3.9,15,0,0,,5,,1020.2
05-12-2017,7.7,-0.5,16.1,0,0,,7.2,,1024
06-12-2017,9.3,0.6,18.3,0,0,,6.5,,1025.4
07-12-2017,9.1,1.7,19.4,0,0,,5,,1029.4
08-12-2017,10.1,2.8,19.4,0,0,,4.7,,1029.4
09-12-2017,9.8,1.7,19.4,0,0,,4,,1026.7
10-12-2017,9.8,2.2,20,0,0,,6.8,,1025.1
11-12-2017,11,3.9,19.4,0,0,,4,,1026
12-12-2017,9.6,1.1,17.8,0,0,,3.6,,1025.2
13-12-2017,9,1.1,17.2,0,0,,4.7,,1020.2
14-12-2017,8.8,1.7,17.8,0,0,,3.6,,1020.3
15-12-2017,9.4,1.7,20,0,0,,5,,1019.2
16-12-2017,10.7,5.6,15,0,0,,8.3,,1011.9
17-12-2017,9.5,2.8,16.7,0,0,,7.6,,1017.1
18-12-2017,8.8,1.7,19.4,0,0,,4,,1022
19-12-2017,10.1,2.2,20,0,0,,3.6,,1021.5
20-12-2017,10.3,3.3,14.4,1,0,,11.5,,1020.7
21-12-2017,5.9,0.6,11.7,0,0,,7.2,,1024
22-12-2017,5.8,-1,15.6,0,0,,3.2,,1026.5
23-12-2017,7.1,1.1,13.3,0,0,,4.7,,1024.6
24-12-2017,9.3,3.9,15.6,0,0,,6.5,,1022
25-12-2017,7.9,2.2,14.4,0,0,,4.7,,1022.1
26-12-2017,10,5,18.3,0,0,,4.7,,1022.7
27-12-2017,9.6,2.8,16.7,0,0,,4,,1024.6
28-12-2017,9.7,3.3,16.7,0,0,,4,,1024
29-12-2017,9.9,2.2,18.9,0,0,,5,,1022
30-12-2017,10.4,3.3,20.6,0,0,,6.1,,1019
31-12-2017,11.8,5,20.6,0,0,,3.6,,1018.1
01-01-2018,10.7,3.9,17.8,0,0,,5,,1022.4
02-01-2018,11.3,6.7,17.2,0,0,,3.2,,
03-01-2018,11.7,5.6,22.2,0,0,,7.2,,1017.7
04-01-2018,14.2,8.9,20.6,0,0,,8.6,,1019.2
05-01-2018,15.8,9.4,23.9,0,0,,6.8,,1021.6
06-01-2018,17.8,14.4,21.1,0,0,,7.9,,1020.8
07-01-2018,15.6,13.3,20,0,0,,7.6,,1019.1
08-01-2018,15.7,13.9,20.6,1.5,0,,10.4,,1010.7
09-01-2018,17.7,11.7,21.1,19.1,0,,14.4,,1004.8
10-01-2018,13.3,12.2,14.4,0,0,,9.4,,1019.3
11-01-2018,13.1,8.3,18.3,0,0,,4.3,,1025.6
12-01-2018,12.6,8.3,16.7,0,0,,4.7,,1026.4
13-01-2018,11.5,8.3,11.7,0,0,,4,,1024
14-01-2018,10.6,8.3,16.1,0,0,,7.6,,1021.7
15-01-2018,11.6,6.1,19.4,0,0,,4.7,,
16-01-2018,12.3,9.4,16.1,0,0,,6.5,,
17-01-2018,11.2,7.8,12.2,0,0,,9,,1023.8
18-01-2018,10.1,7.2,15,0,0,,9.4,,
19-01-2018,10.8,5,11.1,3.8,0,,10.8,,
20-01-2018,8.8,3.9,12.2,0,0,,5,,1020.7
21-01-2018,7.6,1.1,13.9,0,0,,5.4,,1027.3
22-01-2018,8.8,2.8,15.6,0,0,,5.8,,1026.9
23-01-2018,9.7,3.3,15.6,0,0,,3.2,,1024.4
24-01-2018,10.1,2.2,22.8,0,0,,6.5,,1018.8
25-01-2018,11.6,4.4,13.3,1.8,0,,11.2,,1019.5
26-01-2018,7.8,2.8,14.4,0,0,,4.7,,1026.4
27-01-2018,8.3,2.8,14.4,0,0,,4.7,,1029
28-01-2018,9.9,3.3,18.3,0,0,,6.8,,1027.7
29-01-2018,11.1,4.4,18.9,0,0,,5.8,,1023.9
30-01-2018,13.1,6.7,21.1,0,0,,5.8,,1019.8
31-01-2018,12.6,5.6,20.6,0,0,,5,,1018.2
01-02-2018,13.6,6.1,21.1,0,0,,4.7,,1019.2
02-02-2018,14.7,8.3,22.8,0,0,,6.5,,1020.6
03-02-2018,14.5,7.8,23.9,0,0,,5,,1020.5
04-02-2018,15.8,7.8,24.4,0,0,,5,,1018.6
05-02-2018,16.4,8.9,23.9,0,0,,6.1,,1016.3
06-02-2018,16.2,7.8,23.9,0,0,,6.1,,1017.3
07-02-2018,16.6,8.3,27.2,0,0,,7.2,,1022.6
08-02-2018,17.1,10,25.6,0,0,,6.5,,1021.6
09-02-2018,16.7,8.9,25,0,0,,5.4,,1016.9
10-02-2018,17.3,10,23.9,0,0,,9.4,,1012
11-02-2018,14.2,4.4,22.2,0,0,,7.9,,1012
12-02-2018,12.4,5,16.1,0,0,,8.6,,1011.2
13-02-2018,10.7,3.9,18.9,0,0,,8.6,,1018.7
14-02-2018,13.7,8.3,19.4,0,0,,7.2,,1020
15-02-2018,10.9,4.4,17.2,0,0,,5.4,,1022.9
16-02-2018,11.7,5,20,0,0,,6.5,,1023.1
17-02-2018,12.9,5,22.8,0,0,,5.4,,1019.6
18-02-2018,15.1,5.6,22.8,0,0,,15.1,,1012.3
19-02-2018,9.9,0.6,12.2,0,0,,14,,1015
20-02-2018,5.9,0,12.8,0,0,,6.5,,1022
21-02-2018,6.8,-0.5,14.4,0,0,,6.1,,1021.5
22-02-2018,8.3,0.6,16.1,0,0,,10.8,,1021.9
23-02-2018,8.8,2.8,12.8,0,0,291.3,14,,1025.6
24-02-2018,7.1,0,15,0,0,,7.9,,1027.6
25-02-2018,8.6,1.1,17.2,0,0,,7.2,,1024.7
26-02-2018,10.6,3.9,16.7,5.6,0,,9.7,,1015.6
27-02-2018,7.9,3.9,11.1,0,0,,6.8,,1016
28-02-2018,7.6,1.1,15.6,0,0,,6.5,,1021.8
01-03-2018,12.6,7.2,20.6,0,0,,13,,1017.7
02-03-2018,14.3,10,16.7,3.8,0,,14.8,,1015
03-03-2018,11.2,5,13.3,2.5,0,,11.5,,1016.8
04-03-2018,8.3,3.3,14.4,0,0,,6.8,,1024.2
05-03-2018,8.7,2.8,17.8,0,0,,6.8,,1024
06-03-2018,11.8,3.9,22.8,0,0,,5.8,,1019.4
07-03-2018,14.7,8.3,23.3,0,0,,4.7,,1016.9
08-03-2018,16.2,8.3,25.6,0,0,,6.1,,1017.7
09-03-2018,17.1,10.6,25.6,0,0,,8.6,,1014.4
10-03-2018,19.1,12.8,22.8,3.6,0,,7.2,,
11-03-2018,14.6,12.8,19.4,0,0,,3.6,,
12-03-2018,16.7,10.6,25.6,0,0,,6.5,,1016.9
13-03-2018,20.3,12.8,25,3.6,0,,14,,1013.8
14-03-2018,15.6,11.1,17.8,8.1,0,,9.4,,1014.7
15-03-2018,12.1,8.9,16.7,1.5,0,,11.2,,
16-03-2018,12.5,6.1,18.3,3.8,0,,12.2,,1014.2
17-03-2018,11.1,6.7,16.1,0.8,0,,8.6,,1016.2
18-03-2018,10.7,6.7,16.7,0,0,,7.2,,1020.6
19-03-2018,12,6.7,21.7,0,0,,5.8,,1018.8
20-03-2018,16.5,11.1,23.3,2.8,0,,10.1,,1015.5
21-03-2018,14.7,12.2,19.4,23.6,0,,7.9,,
22-03-2018,18.4,13.3,23.3,7.1,0,,14.4,,1012.4
23-03-2018,13.6,9.4,16.7,0,0,,11.5,,1020.8
24-03-2018,12.4,7.8,18.3,0,0,,10.4,,1017.4
25-03-2018,12.1,5.6,16.1,0,0,320,14,,1018.4
26-03-2018,10.7,5,17.2,0,0,,6.1,,
27-03-2018,13.8,6.1,22.2,0,0,,8.3,,1022
28-03-2018,16.6,9.4,25.6,0,0,,7.2,,1019.8
29-03-2018,19.3,10.6,27.8,0,0,,7.9,,1017.6
30-03-2018,20.8,12.2,30,0,0,,6.8,,1017
31-03-2018,22,15.6,29.4,0,0,,6.8,,1015.1
01-04-2018,21.3,13.9,28.3,0,0,,6.1,,1011.5
02-04-2018,20.3,12.8,26.1,0,0,,7.6,,1010
03-04-2018,19.9,13.3,27.8,0,0,,6.8,,1013.3
04-04-2018,21,13.3,29.4,0,0,,7.9,,1015.4
05-04-2018,20.8,13.3,27.2,0,0,,10.8,,1016.2
06-04-2018,19.3,13.3,24.4,0,0,,5.8,,1015.3
07-04-2018,20.6,13.9,23.3,3.3,0,,14.8,,
08-04-2018,15.8,9.4,21.7,0,0,,7.6,,1019.4
09-04-2018,17.6,11.1,28.3,0,0,,6.1,,1017.7
10-04-2018,23.4,15.6,34.4,0,0,,12.2,,1014.8
11-04-2018,21.4,12.8,26.1,0,0,,13.3,,1014.8
12-04-2018,15.7,8.9,19.4,0,0,319.2,20.9,,1021.1
13-04-2018,13.1,7.2,22.2,0,0,,6.1,,1026.9
14-04-2018,17.4,10.6,27.2,0,0,,8.3,,1023.2
15-04-2018,21.5,12.8,29.4,0,0,,13,,1013.6
16-04-2018,16.9,7.8,19.4,1.8,0,257.1,15.8,,1016
17-04-2018,10.7,5.6,18.9,0,0,,8.3,,1023.4
18-04-2018,13.9,7.2,22.8,0,0,,10.8,,1016.8
19-04-2018,15.4,10.6,21.7,0,0,,13,,1016.4
20-04-2018,17.2,11.1,25.6,0,0,,7.9,,1019.7
21-04-2018,20.4,11.1,30,0,0,,8.6,,1017.7
22-04-2018,23.4,14.4,33.3,0,0,,6.5,,1013.2
23-04-2018,25.3,17.2,34.4,0,0,,9.7,,1012.7
24-04-2018,25.3,17.2,33.9,0,0,,8.3,,1012.9
25-04-2018,25.3,17.8,32.8,0,0,,9.4,,1014
26-04-2018,24.2,16.7,31.7,0,0,,11.5,,1012.7
27-04-2018,20.3,11.7,24.4,0,0,,14,,1016.2
28-04-2018,17.7,11.1,24.4,0,0,,11.9,,1015.8
29-04-2018,16.3,10,20.6,0,0,,11.9,,1016.2
30-04-2018,17.2,12.2,23.3,0,0,,13.7,,1013.8
01-05-2018,16.9,11.7,22.8,0,0,,9.4,,1010.2
02-05-2018,18.6,12.2,25.6,0,0,,13,,1013.4
03-05-2018,20.7,13.3,29.4,0,0,,9,,1019.8
04-05-2018,23.3,15,32.2,0,0,,10.4,,1019.8
05-05-2018,25,17.2,33.3,0,0,,9.4,,1014.6
06-05-2018,23.5,16.7,28.3,0,0,,5.8,,1015.1
07-05-2018,22.8,15.6,31.1,0,0,,9.7,,1016.8
08-05-2018,24.9,16.7,32.8,0,0,,7.9,,1015.2
09-05-2018,25,17.2,31.1,0,0,,11.9,,1014.1
10-05-2018,23.6,15.6,30,0,0,,10.1,,1011.4
11-05-2018,23.2,17.2,29.4,0,0,,14,,1006.6
12-05-2018,22.7,14.4,28.9,0,0,,14,,1009.5
13-05-2018,21.7,15,27.8,0,0,,11.2,,1012.8
14-05-2018,21.4,15,28.9,0,0,,10.4,,1012.3
15-05-2018,22.1,15.6,28.9,0,0,,14.4,,1013.4
16-05-2018,20.2,15,26.1,0,0,,14.4,,1015.7
17-05-2018,19.2,11.7,26.7,0,0,,9,,1014.1
18-05-2018,21.7,15.6,29.4,0,0,,7.9,,1012
19-05-2018,24.2,17.8,31.7,0,0,,11.9,,1010.4
20-05-2018,22.9,15,28.3,0,0,,13.3,,1010.7
21-05-2018,20.4,13.9,26.1,0,0,,11.9,,1009.3
22-05-2018,22.8,16.1,30.6,0,0,,10.1,,1009
23-05-2018,23.6,16.7,30.6,0,0,,12.6,,1010.7
24-05-2018,22.8,15,28.3,0,0,,18.4,,1014
25-05-2018,19.3,15,24.4,0,0,,18.7,,1017.1
26-05-2018,18.7,13.9,25,0.5,0,,11.9,,1015.5
27-05-2018,20.9,14.4,28.9,0,0,,7.9,,1013.3
28-05-2018,25.6,18.9,34.4,0,0,,9.7,,1011.5
29-05-2018,29.6,21.1,37.8,0,0,,9.4,,1006.6
30-05-2018,29.2,17.8,32.8,0,0,274.6,16.9,,1005.7
31-05-2018,21.1,13.3,27.2,0,0,,15.1,,1011.2
01-06-2018,20.1,12.2,28.3,0,0,,7.9,,1015.8
02-06-2018,25,17.2,34.4,0,0,,8.6,,1013.8
03-06-2018,30.2,21.7,40.6,0,0,,8.6,,1010.1
04-06-2018,30.7,22.2,38.3,0,0,,12.2,,1008.6
05-06-2018,28.6,18.3,34.4,0,0,265,13,,1009
06-06-2018,25.8,18.3,31.7,0,0,,12.2,,
07-06-2018,22.9,15.6,30.6,0,0,,11.2,,1012.7
08-06-2018,24.4,16.7,31.7,0,0,231.3,10.8,,1014.2
09-06-2018,25,17.8,31.1,0,0,,16.9,,1013.8
10-06-2018,20.9,13.3,26.7,0,0,,9.4,,1015.4
11-06-2018,23,16.1,31.1,0,0,,5.4,,1011.4
12-06-2018,27.1,19.4,36.1,0,0,,7.9,,1008.3
13-06-2018,30.7,22.2,40.6,0,0,,10.8,,1006.2
14-06-2018,31.3,22.8,38.3,0,0,,15.1,,1005.7
15-06-2018,29.8,21.1,36.7,0,0,,17.3,,1004.2
16-06-2018,26,16.7,31.7,0,0,329.2,19.8,,1004.4
17-06-2018,20.2,15,25.6,0,0,,15.5,,1010.8
18-06-2018,21.6,16.1,30,0,0,,8.6,,1014.3
19-06-2018,25.9,19.4,33.9,0,0,,9.4,,1013.3
20-06-2018,28.6,21.7,36.1,0,0,,8.6,,1011.9
21-06-2018,28.7,20,36.1,0,0,,10.8,,1012.2
22-06-2018,29.2,21.1,37.2,0,0,,9.4,,1010.4
23-06-2018,31,23.3,38.3,0,0,,11.5,,1006.1
24-06-2018,32.1,22.8,39.4,0,0,,12.6,,1006.9
25-06-2018,29.6,21.7,36.1,0,0,,11.9,,1010.6
26-06-2018,29.9,22.8,38.3,0,0,,10.8,,1010.6
27-06-2018,30.4,21.7,38.3,0,0,,11.2,,1009.9
28-06-2018,28.3,20,34.4,0,0,,13,,1010.1
29-06-2018,27.4,20,33.9,0,0,,10.1,,1009.8
30-06-2018,29.7,22.8,37.2,0,0,,9.4,,1009.5
01-07-2018,31.8,25,39.4,0,0,,12.2,,1010.5
02-07-2018,31.1,23.9,37.8,0,0,,11.9,,1009.8
03-07-2018,30.5,23.3,37.2,0,0,,13.7,,1007.9
04-07-2018,27.3,21.1,34.4,0,0,254.6,14.8,,1011.5
05-07-2018,27.2,19.4,35.6,0,0,,7.9,,1016.8
06-07-2018,29.5,22.8,37.8,0,0,,10.1,,1016.6
07-07-2018,30.8,24.4,37.8,0,0,,7.6,,1013.2
08-07-2018,31.9,24.4,38.9,0,0,,9.4,,1012.2
09-07-2018,30.3,23.9,36.1,0,0,,7.9,,1014.4
10-07-2018,31.3,25.6,37.2,0,0,,9.7,,1012.7
11-07-2018,31.2,23.3,39.4,0,0,,11.9,,1009
12-07-2018,32.6,25,40,0,0,,12.2,,1010.4
13-07-2018,32.4,25.6,39.4,0,0,,11.2,,1013.1
14-07-2018,32.4,26.1,38.9,0,0,,9.4,,1012.7
15-07-2018,32.8,26.1,40.6,0,0,,11.2,,1010.9
16-07-2018,32.6,25,39.4,0,0,,11.2,,1011.4
17-07-2018,32.6,25,40,0,0,,9,,1011.7
18-07-2018,33,26.1,40,0,0,,7.9,,1011.7
19-07-2018,33.9,27.2,42.2,0,0,,13.7,,1009.8
20-07-2018,33.8,27.2,40.6,0,0,,14.8,,1009.6
21-07-2018,31.8,25.6,37.8,0,0,,13.7,,1011.8
22-07-2018,31.4,25,37.8,0,0,,10.8,,1014.6
23-07-2018,31.5,25,37.8,0,0,,11.2,,1014.3
24-07-2018,32.3,26.1,38.9,0,0,,9.4,,1013.7
25-07-2018,32.8,25.6,38.9,0,0,,9.4,,1014.2
26-07-2018,33.3,27.2,40.6,0,0,,7.9,,1011.9
27-07-2018,33.7,26.7,41.1,0,0,,9.4,,1010.2
28-07-2018,33,25.6,41.7,0,0,,9.7,,1010.2
29-07-2018,32.8,25.6,40.6,0,0,,9.4,,1011.7
30-07-2018,32.4,26.1,38.9,0,0,,8.6,,1011.5
31-07-2018,32.9,26.7,40,0,0,,9.4,,1010.8
01-08-2018,32.8,26.1,41.1,0,0,,11.2,,1010.6
02-08-2018,32.3,24.4,40,0,0,,9.4,,1010.4
03-08-2018,31.4,23.3,38.9,0,0,,10.8,,1010.8
04-08-2018,30.9,22.8,37.8,0,0,,10.4,,1010.2
05-08-2018,29.4,20.6,36.7,0,0,,10.8,,1011.1
06-08-2018,28.6,20.6,35.6,0,0,,8.6,,1012.7
07-08-2018,29.9,22.2,37.2,0,0,,8.6,,1010
08-08-2018,30.5,22.8,40,0,0,,9,,1010.4
09-08-2018,31,23.3,40,0,0,,9.7,,1011.2
10-08-2018,33,24.4,39.4,0,0,,8.6,,
11-08-2018,32.1,23.9,38.3,0,0,,7.9,,1012.3
12-08-2018,31.2,23.9,40,0,0,,8.6,,1010.9
13-08-2018,31.2,23.3,38.3,0,0,,10.8,,1010.7
14-08-2018,30.3,22.8,37.8,0,0,,10.1,,1009.4
15-08-2018,28.8,21.1,36.7,0,0,,9.7,,1010.4
16-08-2018,29.6,21.7,37.2,0,0,,7.9,,1013.4
17-08-2018,30.8,23.9,38.3,0,0,,10.1,,1014.8
18-08-2018,32.1,25,38.9,0,0,,10.4,,1014.1
19-08-2018,32.1,23.3,40.6,0,0,,9.4,,1011.1
20-08-2018,32.2,23.9,40,0,0,,11.9,,1008.9
21-08-2018,29.9,20.6,36.7,0,0,,11.5,,1011
22-08-2018,26.8,18.3,33.9,0,0,,9.4,,1013.5
23-08-2018,26.9,20,33.9,0,0,,10.4,,1013.7
24-08-2018,26.1,17.8,34.4,0,0,,9.4,,1011.9
25-08-2018,26.6,19.4,35.6,0,0,,8.3,,1011.5
26-08-2018,27.5,20.6,36.1,0,0,,10.1,,1011.9
27-08-2018,26.8,19.4,35.6,0,0,,9,,1010.6
28-08-2018,25.2,17.8,32.2,0,0,,9.4,,1011.5
29-08-2018,25,18.3,31.7,0,0,,11.5,,1012.6
30-08-2018,24,17.2,29.4,0,0,,7.9,,1014.9
31-08-2018,23.7,16.7,30,0,0,,7.9,,1013.4
01-09-2018,25.7,18.9,32.8,0,0,,7.9,,1009.3
02-09-2018,27.6,20,35,0,0,,7.2,,1007.6
03-09-2018,29.3,22.2,36.7,0,0,,9.4,,1008.2
04-09-2018,29.5,22.8,37.8,0,0,,10.1,,1008.3
05-09-2018,30.4,23.3,38.3,0,0,,9.7,,1010.5
06-09-2018,29.2,22.2,36.1,0,0,,7.9,,1013.9
07-09-2018,29.6,22.8,36.7,0,0,,6.1,,1013.7
08-09-2018,29.8,22.8,37.8,0,0,,6.5,,1011.5
09-09-2018,28.5,21.1,36.1,0,0,,9.4,,1009.6
10-09-2018,27.9,20,35.6,0,0,,8.6,,1009.5
11-09-2018,27.1,18.9,35,0,0,,7.6,,1008.9
12-09-2018,25.9,17.8,33.3,0,0,,7.9,,1009.9
13-09-2018,23.3,16.7,28.9,0,0,,10.8,,1012.6
14-09-2018,21.9,14.4,29.4,0,0,,7.6,,1011.1
15-09-2018,23.6,16.7,30.6,0,0,,10.8,,1010.3
16-09-2018,21.9,15,28.3,0,0,,8.3,,1013.1
17-09-2018,22.4,15.6,30,0,0,,7.9,,1012.2
18-09-2018,22.7,15,30,0,0,,9.4,,1011.1
19-09-2018,23.2,16.7,30,0,0,,7.9,,1009.6
20-09-2018,24.3,17.8,31.7,0,0,,8.3,,1010
21-09-2018,26.1,17.2,36.1,0,0,,9,,1012
22-09-2018,26.6,18.3,35,0,0,,7.6,,1011.8
23-09-2018,27.3,19.4,35,0,0,,8.3,,1009.6
24-09-2018,26.1,17.8,34.4,0,0,,9,,1009.2
25-09-2018,25.4,17.2,34.4,0,0,,7.2,,1011.2
26-09-2018,26.8,18.9,35.6,0,0,,6.8,,1013
27-09-2018,27.6,20,36.7,0,0,,7.6,,1010.7
28-09-2018,27.8,20,36.7,0,0,,10.1,,1007.8
29-09-2018,23.7,15,27.2,0,0,,11.2,,1010.2
30-09-2018,20.9,14.4,27.8,0,0,,5,,1011.1
01-10-2018,23.3,17.2,31.1,0,0,,6.8,,1009.2
02-10-2018,25.6,20,31.7,0,0,,9.4,,1007.8
03-10-2018,24.9,19.4,25.6,0,0,,13,,1010.8
04-10-2018,21.8,16.7,26.7,0,0,,10.1,,1013.6
05-10-2018,19.9,13.9,25.6,0,0,,7.2,,1015.6
06-10-2018,20,15,25.6,0,0,,7.9,,1010.4
07-10-2018,19.9,14.4,25,0,0,,6.8,,1009.1
08-10-2018,20.4,13.3,28.3,0,0,,7.2,,1008.5
09-10-2018,21.3,13.3,28.9,0,0,,8.3,,1007.8
10-10-2018,21.1,13.9,26.7,0,0,,14.8,,1007.5
11-10-2018,18.6,13.9,23.3,0,0,,11.2,,1009.4
12-10-2018,18.7,13.3,26.1,0,0,,6.5,,1010.2
13-10-2018,21.4,15,28.9,0,0,,7.9,,1009.1
14-10-2018,21.7,13.9,28.9,0,0,,7.6,,1011.6
15-10-2018,22.1,15.6,27.2,0,0,,12.2,,1017.9
16-10-2018,19.7,11.7,27.8,0,0,,8.6,,1017.7
17-10-2018,20.4,11.7,29.4,0,0,,6.1,,1017.1
18-10-2018,20.8,12.8,29.4,0,0,,7.6,,1017.9
19-10-2018,20.2,11.7,28.9,0,0,,6.8,,1018
20-10-2018,21.3,12.8,30.6,0,0,,7.9,,1014.8
21-10-2018,21.7,13.3,28.9,0,0,,8.6,,1012.4
22-10-2018,21.4,13.9,28.3,0,0,,9.4,,1011.8
23-10-2018,19.7,13.3,26.7,0,0,,7.2,,1013.6
24-10-2018,19.2,12.2,26.1,0,0,,7.9,,1015.9
25-10-2018,18.7,12.2,26.1,0,0,,6.8,,1017.9
26-10-2018,20.6,13.3,27.8,0,0,,6.5,,1017.8
27-10-2018,21.3,13.9,29.4,0,0,,6.5,,1016.1
28-10-2018,20.4,13.3,27.2,0,0,,6.8,,1017.1
29-10-2018,18.5,12.8,22.8,0,0,,7.9,,1018.6
30-10-2018,16.7,11.1,21.1,0,0,,5,,1017.4
31-10-2018,16.2,9.4,24.4,0,0,,7.2,,1019
01-11-2018,16.9,9.4,23.9,0,0,,5,,1020.2
02-11-2018,17.9,11.7,27.2,0,0,,6.5,,1019.7
03-11-2018,18.6,11.1,25.6,0,0,,4.7,,1018.1
04-11-2018,18.9,13.3,26.1,0,0,,5.4,,1015.3
05-11-2018,17.9,11.7,23.9,0,0,,5.4,,1012.7
06-11-2018,17.4,10.6,23.3,0,0,,6.8,,1014.7
07-11-2018,16,8.3,23.3,0,0,,5,,1015.9
08-11-2018,14.7,7.8,20.6,0,0,,5.8,,1017.9
09-11-2018,12.5,4.4,22.2,0,0,,7.2,,1020.1
10-11-2018,13,5,20,0,0,,5,,1016.2
11-11-2018,11.6,3.3,21.7,0,0,,5.8,,1019.3
12-11-2018,12.4,3.9,23.3,0,0,,7.2,,1025.5
13-11-2018,15.4,5.6,23.3,0,0,,9.4,,1028.1
14-11-2018,13.4,5,20,0,0,,4,,1026.1
15-11-2018,12.6,5,22.2,0,0,,6.1,,1020.5
16-11-2018,12.3,5.6,20,0,0,,4.7,,1016.3
17-11-2018,13.1,5.6,23.3,0,0,,4.3,,1015.9
18-11-2018,13.6,6.7,21.1,0,0,,5.8,,1017.7
19-11-2018,11.8,6.1,19.4,0,0,,7.9,,1017
20-11-2018,12.8,4.4,23.9,0,0,,7.2,,1015.7
21-11-2018,13.7,6.1,22.8,1.3,0,,7.9,,1016.8
22-11-2018,15.4,10,19.4,6.9,0,,7.9,,1021.2
23-11-2018,13.4,10,17.8,0.3,0,,6.1,,1021.8
24-11-2018,14.3,13.3,17.2,0.3,0,,2.5,,
25-11-2018,15.5,11.7,18.9,0,0,,4.7,,1017.8
26-11-2018,13.7,8.3,20.6,0,0,,4,,1021.1
27-11-2018,14.4,8.9,21.1,0,0,,3.2,,1017.9
28-11-2018,13.2,10,16.1,3,0,,11.2,,1012.8
29-11-2018,14.6,12.2,17.8,5.3,0,,9.4,,1005.9
30-11-2018,12.8,9.4,15,0.3,0,,10.4,,1014.9
01-12-2018,11.3,7.8,15.6,4.8,0,,6.5,,
02-12-2018,9.4,6.1,13.3,0,0,,7.9,,
03-12-2018,9.9,6.1,16.1,0,0,,5.8,,1021
04-12-2018,12.6,6.7,20.6,0,0,,24.1,,1015.6
05-12-2018,15.5,10.6,17.2,0.5,0,,14.8,,1011.1
06-12-2018,11.5,7.8,12.8,7.9,0,,9.4,,1013.6
07-12-2018,9.9,7.2,11.7,0,0,,4.3,,
08-12-2018,8.7,5.6,12.2,0,0,,5.8,,
09-12-2018,10.7,8.3,15,0,0,,6.1,,1025.9
10-12-2018,10.7,8.9,11.7,0,0,,9.7,,
11-12-2018,9.6,8.3,11.7,0,0,,4.7,,1022.4
12-12-2018,10.7,6.7,15,0,0,,4.3,,1024.1
13-12-2018,9.4,4.4,16.1,0,0,,4.7,,1024.5
14-12-2018,11.9,6.1,18.3,0,0,,9,,1019.5
15-12-2018,10.8,3.9,18.9,0,0,,6.5,,1019.1
16-12-2018,11.8,4.4,20.6,0,0,,7.2,,1019
17-12-2018,14.6,10.6,17.8,0,0,,9,,1021.7
18-12-2018,12.2,10,16.1,0,0,,3.2,,1026.2
19-12-2018,12.1,7.8,17.2,0,0,,6.1,,1024.5
20-12-2018,11.1,5.6,17.2,0,0,,6.5,,1020.5
21-12-2018,11.2,8.3,15.6,0,0,,7.2,,1018.3
22-12-2018,10.9,10,13.3,0,0,,4.7,,
23-12-2018,11.8,9.4,13.9,0,0,,5,,1023.5
24-12-2018,11.4,6.7,16.1,0,0,,3.2,,1019.1
25-12-2018,11.9,8.3,13.9,2.5,0,,11.5,,1013
26-12-2018,9.4,4.4,12.8,0,0,,5.8,,
27-12-2018,7.3,3.3,11.1,0,0,,6.5,,1018.4
28-12-2018,6.3,1.7,10.6,0,0,,7.2,,1022.5
29-12-2018,5.7,-0.5,13.3,0,0,,5.8,,1027.3
30-12-2018,6.9,0.6,13.9,0,0,,5.8,,1021
31-12-2018,6.4,1.7,10,0,0,,5.8,,1015
01-01-2019,5,-0.5,10.6,0,0,,4.3,,1022.6
02-01-2019,5.4,-0.5,12.8,0,0,,5.8,,1024.2
03-01-2019,6,0,15.6,0,0,,6.1,,1022.8
04-01-2019,8,0.6,18.3,0,0,,6.5,,1015.8
05-01-2019,11.2,6.1,16.7,2.5,0,,10.8,,1011.3
06-01-2019,10.4,6.1,15.6,0.3,0,,8.3,,1016.8
07-01-2019,15.2,10.6,19.4,1.3,0,,9.7,,1020.4
08-01-2019,15.9,11.1,21.1,0,0,,17.6,,1017.1
09-01-2019,15.6,8.3,20,2.8,0,,9.4,,1019
10-01-2019,11.3,9.4,13.9,0,0,,5,,1020.9
11-01-2019,11.1,7.8,21.1,0,0,,14.8,,1014.8
12-01-2019,16.2,10,18.3,0.3,0,,16.9,,1015
13-01-2019,12.6,7.2,20,0,0,,17.3,,1015.8
14-01-2019,15.6,8.3,16.7,0.3,0,,29.9,,1012.9
15-01-2019,12.8,6.7,18.9,0.5,0,,18,,1012.4
16-01-2019,13.7,7.2,22.2,0,0,,15.8,,1016.7
17-01-2019,16.8,10.6,18.9,16.8,0,,10.8,,1018.8
18-01-2019,11.7,8.3,15,0,0,,3.6,,
19-01-2019,11.8,6.7,18.3,0,0,,4,,1026.8
20-01-2019,12.8,8.3,18.3,0,0,,7.6,,1018.8
21-01-2019,11.4,6.1,12.8,0,0,,10.8,,1021.6
22-01-2019,9.1,4.4,13.9,0,0,,5.4,,1028.1
23-01-2019,8.1,2.8,14.4,0,0,,3.6,,1028.9
24-01-2019,8.9,3.3,16.7,0,0,,4.7,,1024.3
25-01-2019,9.6,3.3,16.7,0,0,,4.7,,1023.7
26-01-2019,11,5.6,18.9,0,0,,4.7,,1025.6
27-01-2019,11.6,6.1,18.3,0,0,,4,,1021.7
28-01-2019,11.7,6.7,19.4,0,0,,5,,1017.2
29-01-2019,14.2,8.9,18.3,0,0,,6.1,,1014.2
30-01-2019,13.6,8.3,22.2,0,0,,5.4,,1012.7
31-01-2019,14.1,9.4,16.1,10.4,0,,10.8,,1011.9
01-02-2019,11.9,7.2,17.8,0,0,,13.3,,
02-02-2019,16,10.6,19.4,2.5,0,,22.3,,1004.4
03-02-2019,13.8,11.1,17.8,3.6,0,,10.4,,1008.1
04-02-2019,12.6,8.3,16.1,2.3,0,,13.3,,1006.6
05-02-2019,9.4,2.8,11.1,0.3,0,,11.9,,1012.5
06-02-2019,5.1,1.1,10.6,0,0,,4.7,,1021.8
07-02-2019,5.8,0,13.9,0,0,,4.7,,1024.5
08-02-2019,7.5,0,15.6,0,0,,4.7,,1018.5
09-02-2019,10.8,7.8,15,1.3,0,,7.9,,1015.1
10-02-2019,9,2.2,11.1,3,0,,13.3,,1016.5
11-02-2019,5.5,0.6,12.2,0,0,,6.5,,1023.1
12-02-2019,6.9,0,15.6,0,0,,4.3,,1017.5
13-02-2019,14.5,11.1,19.4,0.3,0,,25.9,,1007.8
14-02-2019,17.8,8.3,19.4,6.6,0,206.7,17.3,,1006.2
15-02-2019,10.7,6.1,13.9,1.3,0,,10.8,,1017
16-02-2019,8.6,3.3,13.3,0.3,0,,7.9,,1021.2
17-02-2019,7.3,2.2,11.7,0.8,0,,11.9,,1017.6
18-02-2019,6.1,2.2,10.6,0,0,,7.2,,1020.9
19-02-2019,6.4,2.2,11.7,0,0,,6.8,,1021.9
20-02-2019,6.6,1.1,11.7,0.5,0,,8.6,,1013
21-02-2019,6.6,3.9,9.4,4.6,0,178.8,10.8,,1006.2
22-02-2019,5.5,0.6,12.2,0,0,,7.9,,1018.2
23-02-2019,7.4,0.6,14.4,0,0,,6.5,,1025.9
24-02-2019,9.3,1.7,17.2,0,0,,4.3,,1022.3
25-02-2019,12.7,5,22.8,0,0,,6.1,,1016.8
26-02-2019,14.8,7.2,21.7,0,0,,8.3,,1015.9
27-02-2019,14.8,8.9,20.6,3.3,0,,10.8,,1017.6
28-02-2019,14.6,11.1,20,0,0,,6.1,,
01-03-2019,14,10,16.7,0.3,0,,6.5,,
02-03-2019,15.2,12.2,21.7,14.7,0,,10.8,,1012.4
03-03-2019,15.4,10,20,0,0,,10.8,,1016.5
04-03-2019,13.3,10,15.6,0.3,0,,9.7,,1018.3
05-03-2019,12.7,10.6,16.7,21.6,0,,14,,1013.8
06-03-2019,15.7,12.2,22.2,10.7,0,182.5,18.4,,1010.4
07-03-2019,14.2,8.3,18.3,1,0,,9.7,,1015.4
08-03-2019,10.5,6.7,14.4,0.3,0,,10.4,,1017.3
09-03-2019,8.8,3.3,15.6,0,0,,5.4,,1015.6
10-03-2019,11.6,7.8,16.7,0,0,,6.8,,
11-03-2019,10.7,5,16.1,0,0,,6.8,,1015.4
12-03-2019,12.9,8.3,20,0,0,,12.2,,1010.9
13-03-2019,11.6,4.4,16.1,0,0,,8.3,,1019.3
14-03-2019,11.3,2.8,20.6,0,0,,8.6,,1023.2
15-03-2019,12.5,3.9,21.1,0,0,,6.8,,1022
16-03-2019,13.4,5,22.8,0,0,,5.8,,1020
17-03-2019,15.7,7.2,25,0,0,,7.9,,1018
18-03-2019,17.9,8.9,27.8,0,0,,5.8,,1014.4
19-03-2019,18.9,10.6,25.6,0.3,0,,7.6,,1011.2
20-03-2019,15.7,8.3,19.4,0.5,0,,10.1,,1015.6
21-03-2019,11.8,8.3,17.2,0,0,,5.4,,1018.8
22-03-2019,12.6,7.2,20,0,0,,5,,1021.2
23-03-2019,13.7,8.3,16.1,0.5,0,,9,,1020.8
24-03-2019,12.7,6.7,21.7,0,0,,6.5,,
25-03-2019,15.7,7.8,26.7,0,0,,9,,1018.2
26-03-2019,16.9,8.3,24.4,0,0,,6.1,,1015.6
27-03-2019,17.7,11.1,24.4,0,0,,14,,1015.9
28-03-2019,15.9,8.9,20.6,1,0,,12.6,,1021.9
29-03-2019,12.9,7.2,20,0,0,,7.2,,1024.7
30-03-2019,13.9,6.7,21.7,0,0,,6.5,,1022.1
31-03-2019,16.1,8.9,25.6,0,0,,8.6,,1019.3
01-04-2019,18.8,11.1,27.8,0,0,,6.8,,1014.2
02-04-2019,19.9,13.9,25,0.3,0,,15.5,,1011.2
03-04-2019,17,12.8,23.3,0,0,,8.6,,1015.7
04-04-2019,16.8,11.7,20.6,0,0,296.3,12.2,,1015.8
05-04-2019,16,11.7,20.6,0,0,,8.6,,1015.8
06-04-2019,16.1,9.4,24.4,0,0,,7.9,,1018.8
07-04-2019,18.1,11.1,25.6,0,0,,7.6,,1023.2
08-04-2019,20.9,15.6,28.3,0,0,,9,,1020.8
09-04-2019,20,12.2,22.8,0,0,320.8,26.3,,1018.9
10-04-2019,14.8,7.2,21.7,0,0,,9.7,,1022.1
11-04-2019,16.1,9.4,22.2,0,0,,16.2,,1017.4
12-04-2019,15.4,10,21.7,0,0,,9.7,,1012.2
13-04-2019,17.9,8.9,27.8,0,0,,6.1,,1014.3
14-04-2019,20.6,12.2,28.9,0,0,,9.4,,1011.8
15-04-2019,19.9,11.1,26.1,0,0,,12.6,,1009.7
16-04-2019,16.6,11.7,21.1,1,0,,11.9,,1015
17-04-2019,16.2,10,25.6,0,0,,6.8,,1021.3
18-04-2019,20.4,12.2,32.2,0,0,,10.4,,1018.4
19-04-2019,24.3,16.7,33.3,0,0,,11.5,,1011.4
20-04-2019,22.9,13.3,26.1,0,0,,17.3,,1010.8
21-04-2019,16.8,8.9,22.2,0,0,,9.7,,1016.9
22-04-2019,19.4,12.8,27.8,0,0,,9,,1016.2
23-04-2019,23.2,14.4,32.2,0,0,,10.4,,1014.1
24-04-2019,25.7,16.7,34.4,0,0,,9,,1012.3
25-04-2019,27.2,18.3,35.6,0,0,,7.9,,1011.4
26-04-2019,27.6,20,35.6,0,0,,10.4,,1011.4
27-04-2019,26.3,18.9,32.8,0,0,,10.4,,1010.5
28-04-2019,24.2,15.6,31.7,0,0,,9.4,,1007.3
29-04-2019,21.8,15,25,1.5,0,205.8,15.5,,1007
30-04-2019,18.6,12.8,24.4,0,0,,15.5,,1011.5
01-05-2019,18.7,15,26.1,0,0,,10.1,,1014.7
02-05-2019,20,12.8,28.3,0,0,,7.9,,1014.5
03-05-2019,21.4,13.9,30,0,0,,7.6,,1012.6
04-05-2019,22.6,13.3,31.7,0,0,,9.4,,1009.5
05-05-2019,22.7,13.3,28.3,0,0,,16.6,,1007.7
06-05-2019,19.1,15,25,0,0,,13.7,,1010.8
07-05-2019,18.8,12.8,27.2,0,0,,11.5,,1015
08-05-2019,20.9,14.4,28.9,0,0,,10.1,,1012.3
09-05-2019,22.2,16.1,28.3,0.3,0,,15.8,,1006.1
10-05-2019,19.5,15,23.9,7.9,0,,11.2,,1008.6
11-05-2019,20.8,16.1,28.3,0,0,,7.6,,1012.2
12-05-2019,23.9,16.7,31.7,0,0,,7.6,,1011.7
13-05-2019,24.2,16.7,30.6,0,0,,9,,1013.5
14-05-2019,23.4,15.6,31.1,0,0,,11.2,,1013.3
15-05-2019,23.6,18.9,27.8,0,0,300.4,18.4,,1009.8
16-05-2019,18.1,12.2,20.6,6.1,0,,16.9,,1011.4
17-05-2019,14.6,10,21.1,0,0,,13,,1017.7
18-05-2019,16.7,10.6,23.3,13.2,0,,10.8,,1013.7
19-05-2019,13.9,11.7,20.6,8.4,0,,12.6,,
20-05-2019,13.7,11.1,20.6,0,0,,10.4,,1013.4
21-05-2019,15.4,10,21.1,0,0,,18,,1011.5
22-05-2019,14.7,11.1,18.9,0,0,,9,,1008.8
23-05-2019,17.8,14.4,25,1.8,0,,10.8,,1010
24-05-2019,18.8,13.9,26.7,0,0,,11.9,,1013.7
25-05-2019,22.3,12.8,29.4,0,0,,12.2,,1008.5
26-05-2019,16.4,10.6,20.6,2.3,0,,14.4,,1010.8
27-05-2019,13.4,9.4,20,0,0,,6.1,,1016.7
28-05-2019,17.9,15,23.9,0,0,,6.5,,1014.7
29-05-2019,20.5,14.4,29.4,0,0,,7.6,,1010.4
30-05-2019,24.6,16.7,32.8,0,0,,9,,1009.3
31-05-2019,24.3,16.7,31.1,0,0,,9.7,,1009.3
01-06-2019,25.8,18.9,34.4,0,0,,12.2,,1007.3
02-06-2019,25.7,18.3,33.3,5.8,0,,9.7,,1008.2
03-06-2019,24.9,18.9,32.8,0,0,,6.1,,1009.9
04-06-2019,28.4,21.1,36.7,0,0,,9,,1010
05-06-2019,30.8,22.8,38.3,0,0,,9.7,,1009.1
06-06-2019,30.5,21.1,35,0,0,296.3,16.9,,1009.6
07-06-2019,24.9,16.7,28.9,0,0,282.1,15.5,,1012.3
08-06-2019,21.8,14.4,30,0,0,,9.4,,1013.7
09-06-2019,26,17.2,37.8,0,0,,11.9,,1014
10-06-2019,30.4,21.7,40,0,0,,13.7,,1014.4
11-06-2019,32.5,23.3,40.6,0,0,,12.2,,1013.6
12-06-2019,33.3,23.3,42.2,0,0,,13.7,,1010
13-06-2019,31.4,23.9,37.2,0,0,,11.2,,1008.7
14-06-2019,29.2,21.1,35.6,0,0,,9.4,,1009.7
15-06-2019,27.9,20,36.1,0,0,,10.4,,1010
16-06-2019,27.1,18.3,34.4,0,0,,9.7,,1008.3
17-06-2019,28.5,21.7,36.7,0,0,,11.2,,1007.3
18-06-2019,30.4,23.9,37.8,0,0,,8.6,,1009.6
19-06-2019,32,25.6,39.4,0,0,,9.7,,1009.3
20-06-2019,30.3,20.6,35.6,0,0,,16.9,,1008.2
21-06-2019,24.6,18.3,31.1,0,0,277.5,14.8,,1009.3
22-06-2019,26.1,19.4,33.9,0,0,,11.2,,1011.6
23-06-2019,28.3,20.6,36.7,0,0,,9.4,,1011.8
24-06-2019,29.7,22.2,37.8,0,0,,9.4,,1008.7
25-06-2019,29.3,20.6,36.7,0,0,,12.2,,1007.3
26-06-2019,26.6,20,32.2,0,0,,11.5,,1011.6
27-06-2019,23.4,15.6,28.9,0,0,,10.4,,1015.4
28-06-2019,23.6,16.1,31.7,0,0,,12.6,,1014.6
29-06-2019,25.2,17.8,33.3,0,0,,8.6,,1014.5
30-06-2019,27,18.9,35.6,0,0,,11.9,,1013.9
01-07-2019,26.7,18.3,33.9,0,0,,10.8,,1013.9
02-07-2019,26.9,18.9,33.9,0,0,,11.9,,1011.9
03-07-2019,26.6,18.3,33.3,0,0,,9.7,,1010
04-07-2019,26.7,18.9,33.9,0,0,,8.6,,1010.8
05-07-2019,27.9,21.1,35.6,0,0,,8.6,,1012.7
06-07-2019,29.6,21.7,37.8,0,0,,10.1,,1012.1
07-07-2019,29.1,21.7,35,0,0,,10.8,,1010.2
08-07-2019,26.6,18.9,33.3,0,0,,11.2,,1011.9
09-07-2019,25.9,17.8,33.9,0,0,,8.6,,1014.1
10-07-2019,26.7,18.9,34.4,0,0,,7.9,,1015.5
11-07-2019,28.4,21.1,35.6,0,0,,9.7,,1014.1
12-07-2019,29.6,21.7,37.2,0,0,,9.7,,1010.5
13-07-2019,31.1,23.3,38.9,0,0,,10.1,,1008.9
14-07-2019,31.9,23.9,40,0,0,,10.8,,1011.8
15-07-2019,30.7,22.2,37.2,0,0,,10.8,,1012.5
16-07-2019,29.7,22.2,36.1,0,0,,12.2,,1009.9
17-07-2019,29.3,20.6,37.2,0,0,,13,,1009.9
18-07-2019,29.9,22.2,37.8,0,0,,12.2,,1010
19-07-2019,28.6,20.6,36.1,0,0,,11.9,,1009.5
20-07-2019,27.9,21.7,35.6,0,0,,12.6,,1009.8
21-07-2019,28.7,21.7,37.2,0,0,,9.7,,1010.4
22-07-2019,30.8,23.9,39.4,0,0,,10.4,,1011.4
23-07-2019,31.4,26.1,37.2,0,0,,6.1,,1013
24-07-2019,31.4,24.4,39.4,0,0,,9,,1012.5
25-07-2019,33.3,26.7,37.8,0,0,,6.8,,1011.4
26-07-2019,33.3,26.7,41.1,0,0,,10.8,,1012.6
27-07-2019,32.4,24.4,41.1,0,0,,9.4,,1013.5
28-07-2019,33.8,26.1,43.3,0,0,,10.4,,1011
29-07-2019,33.4,23.9,40.6,0,0,,11.5,,1009.7
30-07-2019,30.6,22.8,37.2,0,0,,10.1,,1010.6
31-07-2019,29.3,20,38.3,0,0,,11.9,,1011.3
01-08-2019,29.7,21.1,37.8,0,0,,10.8,,1012.9
02-08-2019,28.7,20.6,36.1,0,0,,9.4,,1013.9
03-08-2019,29.6,22.8,36.7,0,0,,9,,1011.8
04-08-2019,31.1,23.3,39.4,0,0,,9.4,,1011
05-08-2019,31.3,23.9,38.3,0,0,,10.1,,1011.4
06-08-2019,30.8,23.9,39.4,0,0,,9.4,,1010
07-08-2019,31.6,24.4,38.9,0,0,,10.4,,1009.7
08-08-2019,29.6,21.7,36.1,0,0,,12.2,,1011
09-08-2019,26.3,18.9,33.3,0,0,,10.4,,1011.7
10-08-2019,26,18.9,33.3,0,0,,12.2,,1012.1
11-08-2019,25.6,18.3,32.2,0,0,,10.1,,1014.3
12-08-2019,26.9,20,34.4,0,0,,8.6,,1013.5
13-08-2019,29.5,21.7,36.7,0,0,,10.1,,1012.6
14-08-2019,30.6,21.7,39.4,0,0,,8.3,,1012.6
15-08-2019,32.2,24.4,40.6,0,0,,9.4,,1011.3
16-08-2019,33.6,25.6,42.2,0,0,,10.8,,1008.3
17-08-2019,32.4,22.8,38.9,0,0,,11.5,,1006.6
18-08-2019,29,21.7,36.1,0,0,,12.2,,1008.6
19-08-2019,27.1,19.4,35,0,0,,9.7,,1011.4
20-08-2019,26.9,18.9,33.9,0,0,,10.8,,1012.4
21-08-2019,27.3,20.6,34.4,0,0,,8.6,,1011.6
22-08-2019,28.7,21.7,36.1,0,0,,7.9,,1006.8
23-08-2019,30.7,22.8,38.9,0,0,,9.4,,1006
24-08-2019,30.7,24.4,38.3,0,0,,9,,1010.1
25-08-2019,31.2,24.4,38.3,0,0,,9.4,,1012.4
26-08-2019,31.6,24.4,37.8,0,0,,8.6,,1009.9
27-08-2019,32.4,25.6,38.9,0,0,,7.6,,
28-08-2019,32.3,25.6,38.9,0,0,,10.1,,1009.6
29-08-2019,29.8,22.8,36.7,0,0,,9,,1013.1
30-08-2019,27.7,20.6,33.9,0,0,,8.3,,1013.5
31-08-2019,28.9,22.2,36.7,0,0,,7.6,,1011.6
01-09-2019,30.3,23.3,38.3,0,0,,7.2,,1010.8
02-09-2019,31.5,25.6,38.9,0,0,,9.7,,1011.1
03-09-2019,31,24.4,37.8,0,0,,9,,1011.6
04-09-2019,31.1,25,38.3,0,0,,8.3,,1009.6
05-09-2019,31.3,25.6,38.3,0.5,0,,7.9,,1011.4
06-09-2019,30.2,22.8,37.2,0,0,,9.4,,1014.9
07-09-2019,29.5,20,37.2,0,0,,12.6,,1012.8
08-09-2019,23.3,14.4,28.3,0,0,,9.4,,1014
09-09-2019,23.5,17.8,30.6,0,0,,9.7,,1011.4
10-09-2019,22.6,15,28.3,0,0,,11.2,,1011
11-09-2019,22.3,16.7,29.4,0,0,,7.9,,1014.9
12-09-2019,24.9,16.7,34.4,0,0,,9,,1015.2
13-09-2019,27.7,19.4,36.1,0,0,,7.9,,1014
14-09-2019,29,21.1,38.3,0,0,,7.9,,1011.9
15-09-2019,29.2,20.6,37.2,0,0,,10.4,,1008.9
16-09-2019,24.8,16.7,30,0,0,,12.6,,1011.7
17-09-2019,21.6,14.4,27.2,0,0,,8.3,,1015.2
18-09-2019,21.8,15,29.4,0,0,,7.9,,1012.4
19-09-2019,21.7,16.7,26.1,0,0,,9.7,,1011.7
20-09-2019,20.8,15,28.3,0,0,,8.6,,1012.7
21-09-2019,22.8,16.1,31.1,0,0,,9,,1012.4
22-09-2019,24.3,16.1,33.3,0,0,,6.1,,1011.7
23-09-2019,25.1,17.2,31.7,0,0,,10.1,,1011.8
24-09-2019,25.4,18.9,32.8,0,0,,6.5,,1013.5
25-09-2019,27.6,19.4,38.3,0,0,,9.7,,1007.6
26-09-2019,29.4,21.7,35.6,0,0,,10.8,,1009
27-09-2019,24.9,18.3,30,0,0,,9,,1010.1
28-09-2019,22.2,13.3,26.7,0,0,,15.5,,1006.5
29-09-2019,16.6,10,21.7,0,0,,5.4,,1011.7
30-09-2019,15.6,8.9,21.7,0,0,,9.4,,1013.1
01-10-2019,14.9,8.9,21.7,0,0,,7.6,,1013.6
02-10-2019,16.7,10,25.6,0,0,,8.3,,1015
03-10-2019,18.9,11.7,27.2,0,0,,8.3,,1013.8
04-10-2019,17.9,10.6,24.4,0,0,,7.6,,1017.7
05-10-2019,18.4,10.6,26.1,0,0,,6.8,,1018.3
06-10-2019,20.3,12.2,30.6,0,0,,7.6,,1015.9
07-10-2019,22.6,14.4,31.7,0,0,,7.9,,1013.5
08-10-2019,23.6,15,32.8,0,0,,7.9,,1010.3
09-10-2019,22.4,13.9,28.3,0,0,,11.5,,1009.1
10-10-2019,18,10.6,26.1,0,0,,7.6,,1014.1
11-10-2019,18.6,8.3,28.3,0,0,,8.6,,1014.9
12-10-2019,18.8,8.3,27.8,0,0,,7.6,,1012.1
13-10-2019,19.4,8.9,30,0,0,,7.6,,1009.6
14-10-2019,19.8,11.1,26.7,0,0,,6.5,,1012.9
15-10-2019,19.2,10.6,28.3,0,0,,7.2,,1016.4
16-10-2019,20.3,12.2,28.9,0,0,,5.8,,1013.1
17-10-2019,18.8,12.2,23.3,0,0,,11.2,,1011.4
18-10-2019,16.1,9.4,22.2,0,0,,6.8,,1016.5
19-10-2019,15.8,9.4,22.8,0,0,,7.2,,1017
20-10-2019,17.1,11.7,23.9,0,0,,7.2,,1017.6
21-10-2019,18.2,11.7,26.1,0,0,,5,,1019.9
22-10-2019,19.4,11.7,27.8,0,0,,5,,1020.2
23-10-2019,20.4,13.9,28.3,0,0,,6.8,,1014.8
24-10-2019,20.9,11.7,31.1,0,0,,7.6,,1016.3
25-10-2019,21.8,11.7,31.1,0,0,,8.6,,
26-10-2019,21.4,13.3,30.6,0,0,,6.5,,1010
27-10-2019,17.8,11.1,21.1,0,0,,9.4,,1008.3
28-10-2019,14.4,5.6,22.8,0,0,,8.6,,1016.1
29-10-2019,14.1,7.2,21.7,0,0,,5.4,,1013.6
30-10-2019,15,7.2,22.2,0,0,,31.3,,1020.1
31-10-2019,15.6,7.2,21.7,0,0,,11.5,,1022.1
01-11-2019,13.2,4.4,23.9,0,0,,5.4,,1020.9
02-11-2019,14.1,5.6,23.9,0,0,,4.7,,1019.2
03-11-2019,15.3,6.7,25,0,0,,5.4,,1015.8
04-11-2019,16.2,8.3,26.7,0,0,,5.8,,1014.9
05-11-2019,16.9,8.3,27.2,0,0,,4.7,,1016.2
06-11-2019,17.5,10,27.2,0,0,,5.4,,1015.2
07-11-2019,17.8,9.4,27.2,0,0,,5.8,,1018
08-11-2019,17.4,8.3,26.7,0,0,,5,,1020.6
09-11-2019,17,9.4,25.6,0,0,,4.3,,1019.1
10-11-2019,16.6,10,25.6,0,0,,4,,1016.7
11-11-2019,17.1,9.4,25.6,0,0,,6.8,,1016.9
12-11-2019,17.6,10,27.2,0,0,,5.8,,1016.9
13-11-2019,17.4,10.6,25.6,0,0,,5.4,,1014.8
14-11-2019,18.5,10.6,23.9,0,0,,10.4,,1016.7
15-11-2019,14.1,8.9,17.8,0,0,,4.3,,1020.8
16-11-2019,15.1,10.6,20.6,0,0,,6.1,,1019.9
17-11-2019,15.1,8.9,22.8,0,0,,6.1,,1018.3
18-11-2019,16.5,9.4,27.8,0,0,,7.2,,1013.2
19-11-2019,16.6,8.9,23.9,0,0,,9,,1004.9
20-11-2019,12.9,8.9,12.8,9.4,0,,11.5,,1001.2
21-11-2019,12,7.2,18.9,0,0,,4.7,,1011.2
22-11-2019,12.9,6.7,19.4,0,0,,6.5,,1020.1
23-11-2019,12.5,6.7,18.9,0,0,,6.5,,1022.1
24-11-2019,12.7,6.1,19.4,0,0,,6.8,,1020.6
25-11-2019,12.6,5.6,17.2,0,0,,9.4,,1015.5
26-11-2019,9.6,2.8,12.8,0,0,,6.1,,1013.2
27-11-2019,10.4,6.1,15.6,13.7,0,,11.5,,1002.2
28-11-2019,8.3,6.1,12.2,3,0,,7.6,,1001.3
29-11-2019,7.8,5,10.6,0,0,,6.1,,1011
30-11-2019,8,3.9,12.2,1,0,127.9,12.6,,1018.8
01-12-2019,11.8,8.3,17.2,0,0,,16.9,,1016.8
02-12-2019,15,8.9,21.1,0,0,,9.4,,1018.2
03-12-2019,12.3,8.9,13.3,0,0,,5,,1017.9
04-12-2019,12.9,10,17.8,5.1,0,,10.1,,1012
05-12-2019,13.1,7.2,18.9,0,0,,7.6,,1017.6
06-12-2019,15.7,9.4,20.6,0,0,,14.4,,1017.8
07-12-2019,16.9,13.3,21.1,0.3,0,,8.3,,1016.9
08-12-2019,14.9,8.3,17.8,7.6,0,,6.8,,
09-12-2019,11.1,8.3,15,0,0,,5.4,,
10-12-2019,10.1,5.6,12.8,0,0,,6.8,,1023.9
11-12-2019,9.2,6.7,15,0,0,,4.7,,
12-12-2019,11.8,6.7,20,0,0,,4.3,,1024.9
13-12-2019,13.8,8.9,19.4,0,0,,5,,1021.5
14-12-2019,14.4,7.2,15,0.5,0,,9.7,,1016.1
15-12-2019,9.2,4.4,12.2,0,0,,8.6,,1021.4
16-12-2019,8.2,3.3,13.9,0,0,,3.2,,1026.4
17-12-2019,11.6,5,18.3,0,0,129.6,34.6,,1022.1
18-12-2019,12.6,6.7,16.1,0,0,,10.1,,1018.2
19-12-2019,10,4.4,16.1,0,0,,6.1,,1022.7
20-12-2019,9.5,2.8,17.2,0,0,,3.6,,1023.6
21-12-2019,13.1,6.1,22.2,0,0,,14,,1016
22-12-2019,18.5,10,23.3,3.3,0,,27,,1009
23-12-2019,11.4,7.8,11.7,5.1,0,,6.8,,1010.6
24-12-2019,9.6,6.7,12.2,0.3,0,,5.8,,1012.6
25-12-2019,9.1,7.2,13.3,0.8,0,,10.8,,1011
26-12-2019,9.7,6.1,10,15.7,0,163.3,14,,1011.2
27-12-2019,7.9,3.9,11.7,0,0,,4,,1017.3
28-12-2019,7.1,1.7,13.3,0,0,,3.2,,1020.8
29-12-2019,7.6,2.8,15.6,0,0,,2.9,,1019.5
30-12-2019,10.4,5.6,13.9,0,0,,7.9,,1018.4
31-12-2019,8.3,2.8,14.4,0,0,,6.8,,1020.8
